variable_code,jotform_qid,task,set,question_type,item_type,question_label_en,question_label_zh,valid_values,correct_answer,data_type,scale_level,termination_stage,termination_type,termination_field,termination_threshold,is_practice,is_scored,notes
ERV_P1,27,ERV,1,image-choice,practice,practice item 1,（練習題：請為幼兒戴上耳機）,"1,2,3,4",4,categorical,nominal,,,,0,TRUE,FALSE,Practice item - not counted in score
ERV_P2,28,ERV,1,image-choice,practice,practice item 2,（練習題：請為幼兒戴上耳機）,"1,2,3,4",2,categorical,nominal,,,,0,TRUE,FALSE,Practice item - not counted in score
ERV_P3,29,ERV,1,image-choice,practice,practice item 3,（練習題：請為幼兒戴上耳機）,"1,2,3,4",3,categorical,nominal,,,,0,TRUE,FALSE,Practice item - not counted in score
ERV_Q1,30,ERV,1,image-choice,vocabulary,cat,cat,"1,2,3,4",2,categorical,nominal,1,stage-based,ERV_Ter1,5,FALSE,TRUE,Stage 1 (Q1-Q12): Pass if ≥5 correct
ERV_Q2,31,ERV,1,image-choice,vocabulary,apple,apple,"1,2,3,4",4,categorical,nominal,1,stage-based,ERV_Ter1,5,FALSE,TRUE,Stage 1 (Q1-Q12): Pass if ≥5 correct
ERV_Q3,32,ERV,1,image-choice,vocabulary,balloon,balloon,"1,2,3,4",2,categorical,nominal,1,stage-based,ERV_Ter1,5,FALSE,TRUE,Stage 1 (Q1-Q12): Pass if ≥5 correct
ERV_Q4,33,ERV,1,image-choice,vocabulary,hand,hand,"1,2,3,4",1,categorical,nominal,1,stage-based,ERV_Ter1,5,FALSE,TRUE,Stage 1 (Q1-Q12): Pass if ≥5 correct
ERV_Q5,34,ERV,1,image-choice,vocabulary,airplane,airplane,"1,2,3,4",1,categorical,nominal,1,stage-based,ERV_Ter1,5,FALSE,TRUE,Stage 1 (Q1-Q12): Pass if ≥5 correct
ERV_Q6,35,ERV,1,image-choice,vocabulary,bird,bird,"1,2,3,4",3,categorical,nominal,1,stage-based,ERV_Ter1,5,FALSE,TRUE,Stage 1 (Q1-Q12): Pass if ≥5 correct
ERV_Q7,36,ERV,1,image-choice,vocabulary,tree,tree,"1,2,3,4",1,categorical,nominal,1,stage-based,ERV_Ter1,5,FALSE,TRUE,Stage 1 (Q1-Q12): Pass if ≥5 correct
ERV_Q8,37,ERV,1,image-choice,vocabulary,table,table,"1,2,3,4",3,categorical,nominal,1,stage-based,ERV_Ter1,5,FALSE,TRUE,Stage 1 (Q1-Q12): Pass if ≥5 correct
ERV_Q9,38,ERV,1,image-choice,vocabulary,drinking,drinking,"1,2,3,4",3,categorical,nominal,1,stage-based,ERV_Ter1,5,FALSE,TRUE,Stage 1 (Q1-Q12): Pass if ≥5 correct
ERV_Q10,39,ERV,1,image-choice,vocabulary,frog,frog,"1,2,3,4",2,categorical,nominal,1,stage-based,ERV_Ter1,5,FALSE,TRUE,Stage 1 (Q1-Q12): Pass if ≥5 correct
ERV_Q11,40,ERV,1,image-choice,vocabulary,money,money,"1,2,3,4",3,categorical,nominal,1,stage-based,ERV_Ter1,5,FALSE,TRUE,Stage 1 (Q1-Q12): Pass if ≥5 correct
ERV_Q12,41,ERV,1,image-choice,vocabulary,umbrella,umbrella,"1,2,3,4",4,categorical,nominal,1,stage-based,ERV_Ter1,5,FALSE,TRUE,Stage 1 (Q1-Q12): Pass if ≥5 correct
ERV_Ter1,599,ERV,1,termination,termination_flag,Stage 1 termination indicator,第一階段終止指標,"0,1",0,categorical,nominal,1,stage-based,ERV_Ter1,5,FALSE,FALSE,0=continued; 1=terminated at Stage 1
ERV_Q13,43,ERV,1,image-choice,vocabulary,running,running,"1,2,3,4",2,categorical,nominal,2,stage-based,ERV_Ter2,5,FALSE,TRUE,Stage 2 (Q13-Q24): Pass if ≥5 correct
ERV_Q14,44,ERV,1,image-choice,vocabulary,window,window,"1,2,3,4",4,categorical,nominal,2,stage-based,ERV_Ter2,5,FALSE,TRUE,Stage 2 (Q13-Q24): Pass if ≥5 correct
ERV_Q15,45,ERV,1,image-choice,vocabulary,neck,neck,"1,2,3,4",3,categorical,nominal,2,stage-based,ERV_Ter2,5,FALSE,TRUE,Stage 2 (Q13-Q24): Pass if ≥5 correct
ERV_Q16,46,ERV,1,image-choice,vocabulary,talking,talking,"1,2,3,4",4,categorical,nominal,2,stage-based,ERV_Ter2,5,FALSE,TRUE,Stage 2 (Q13-Q24): Pass if ≥5 correct
ERV_Q17,47,ERV,1,image-choice,vocabulary,blue,blue,"1,2,3,4",2,categorical,nominal,2,stage-based,ERV_Ter2,5,FALSE,TRUE,Stage 2 (Q13-Q24): Pass if ≥5 correct
ERV_Q18,48,ERV,1,image-choice,vocabulary,thumb,thumb,"1,2,3,4",1,categorical,nominal,2,stage-based,ERV_Ter2,5,FALSE,TRUE,Stage 2 (Q13-Q24): Pass if ≥5 correct
ERV_Q19,49,ERV,1,image-choice,vocabulary,grapes,grapes,"1,2,3,4",3,categorical,nominal,2,stage-based,ERV_Ter2,5,FALSE,TRUE,Stage 2 (Q13-Q24): Pass if ≥5 correct
ERV_Q20,50,ERV,1,image-choice,vocabulary,swimming,swimming,"1,2,3,4",2,categorical,nominal,2,stage-based,ERV_Ter2,5,FALSE,TRUE,Stage 2 (Q13-Q24): Pass if ≥5 correct
ERV_Q21,51,ERV,1,image-choice,vocabulary,circle,circle,"1,2,3,4",4,categorical,nominal,2,stage-based,ERV_Ter2,5,FALSE,TRUE,Stage 2 (Q13-Q24): Pass if ≥5 correct
ERV_Q22,52,ERV,1,image-choice,vocabulary,mail,mail,"1,2,3,4",3,categorical,nominal,2,stage-based,ERV_Ter2,5,FALSE,TRUE,Stage 2 (Q13-Q24): Pass if ≥5 correct
ERV_Q23,53,ERV,1,image-choice,vocabulary,hammer,hammer,"1,2,3,4",1,categorical,nominal,2,stage-based,ERV_Ter2,5,FALSE,TRUE,Stage 2 (Q13-Q24): Pass if ≥5 correct
ERV_Q24,54,ERV,1,image-choice,vocabulary,candle,candle,"1,2,3,4",1,categorical,nominal,2,stage-based,ERV_Ter2,5,FALSE,TRUE,Stage 2 (Q13-Q24): Pass if ≥5 correct
ERV_Ter2,600,ERV,1,termination,termination_flag,Stage 2 termination indicator,第二階段終止指標,"0,1",0,categorical,nominal,2,stage-based,ERV_Ter2,5,FALSE,FALSE,0=continued; 1=terminated at Stage 2
ERV_Q25,56,ERV,1,image-choice,vocabulary,flag,flag,"1,2,3,4",2,categorical,nominal,3,stage-based,ERV_Ter3,5,FALSE,TRUE,Stage 3 (Q25-Q36): Pass if ≥5 correct
ERV_Q26,57,ERV,1,image-choice,vocabulary,gate,gate,"1,2,3,4",3,categorical,nominal,3,stage-based,ERV_Ter3,5,FALSE,TRUE,Stage 3 (Q25-Q36): Pass if ≥5 correct
ERV_Q27,58,ERV,1,image-choice,vocabulary,sad,sad,"1,2,3,4",4,categorical,nominal,3,stage-based,ERV_Ter3,5,FALSE,TRUE,Stage 3 (Q25-Q36): Pass if ≥5 correct
ERV_Q28,59,ERV,1,image-choice,vocabulary,hopping,hopping,"1,2,3,4",1,categorical,nominal,3,stage-based,ERV_Ter3,5,FALSE,TRUE,Stage 3 (Q25-Q36): Pass if ≥5 correct
ERV_Q29,60,ERV,1,image-choice,vocabulary,plant,plant,"1,2,3,4",1,categorical,nominal,3,stage-based,ERV_Ter3,5,FALSE,TRUE,Stage 3 (Q25-Q36): Pass if ≥5 correct
ERV_Q30,61,ERV,1,image-choice,vocabulary,kangaroo,kangaroo,"1,2,3,4",2,categorical,nominal,3,stage-based,ERV_Ter3,5,FALSE,TRUE,Stage 3 (Q25-Q36): Pass if ≥5 correct
ERV_Q31,62,ERV,1,image-choice,vocabulary,muffin,muffin,"1,2,3,4",4,categorical,nominal,3,stage-based,ERV_Ter3,5,FALSE,TRUE,Stage 3 (Q25-Q36): Pass if ≥5 correct
ERV_Q32,63,ERV,1,image-choice,vocabulary,game,game,"1,2,3,4",3,categorical,nominal,3,stage-based,ERV_Ter3,5,FALSE,TRUE,Stage 3 (Q25-Q36): Pass if ≥5 correct
ERV_Q33,64,ERV,1,image-choice,vocabulary,barn,barn,"1,2,3,4",2,categorical,nominal,3,stage-based,ERV_Ter3,5,FALSE,TRUE,Stage 3 (Q25-Q36): Pass if ≥5 correct
ERV_Q34,65,ERV,1,image-choice,vocabulary,writing,writing,"1,2,3,4",3,categorical,nominal,3,stage-based,ERV_Ter3,5,FALSE,TRUE,Stage 3 (Q25-Q36): Pass if ≥5 correct
ERV_Q35,66,ERV,1,image-choice,vocabulary,ring,ring,"1,2,3,4",2,categorical,nominal,3,stage-based,ERV_Ter3,5,FALSE,TRUE,Stage 3 (Q25-Q36): Pass if ≥5 correct
ERV_Q36,67,ERV,1,image-choice,vocabulary,farmer,farmer,"1,2,3,4",3,categorical,nominal,3,stage-based,ERV_Ter3,5,FALSE,TRUE,Stage 3 (Q25-Q36): Pass if ≥5 correct
ERV_Ter3,601,ERV,1,termination,termination_flag,Stage 3 termination indicator,第三階段終止指標,"0,1",0,categorical,nominal,3,stage-based,ERV_Ter3,5,FALSE,FALSE,0=continued; 1=terminated at Stage 3
ERV_Q37,69,ERV,1,image-choice,vocabulary,zipper,zipper,"1,2,3,4",2,categorical,nominal,4,none,,0,FALSE,TRUE,Stage 4 (Q37-Q48): No termination - always completed
ERV_Q38,70,ERV,1,image-choice,vocabulary,nest,nest,"1,2,3,4",4,categorical,nominal,4,none,,0,FALSE,TRUE,Stage 4 (Q37-Q48): No termination - always completed
ERV_Q39,71,ERV,1,image-choice,vocabulary,mountain,mountain,"1,2,3,4",2,categorical,nominal,4,none,,0,FALSE,TRUE,Stage 4 (Q37-Q48): No termination - always completed
ERV_Q40,72,ERV,1,image-choice,vocabulary,horn,horn,"1,2,3,4",1,categorical,nominal,4,none,,0,FALSE,TRUE,Stage 4 (Q37-Q48): No termination - always completed
ERV_Q41,73,ERV,1,image-choice,vocabulary,pear,pear,"1,2,3,4",4,categorical,nominal,4,none,,0,FALSE,TRUE,Stage 4 (Q37-Q48): No termination - always completed
ERV_Q42,74,ERV,1,image-choice,vocabulary,yawning,yawning,"1,2,3,4",2,categorical,nominal,4,none,,0,FALSE,TRUE,Stage 4 (Q37-Q48): No termination - always completed
ERV_Q43,75,ERV,1,image-choice,vocabulary,caterpillar,caterpillar,"1,2,3,4",3,categorical,nominal,4,none,,0,FALSE,TRUE,Stage 4 (Q37-Q48): No termination - always completed
ERV_Q44,76,ERV,1,image-choice,vocabulary,chin,chin,"1,2,3,4",1,categorical,nominal,4,none,,0,FALSE,TRUE,Stage 4 (Q37-Q48): No termination - always completed
ERV_Q45,77,ERV,1,image-choice,vocabulary,pouring,pouring,"1,2,3,4",2,categorical,nominal,4,none,,0,FALSE,TRUE,Stage 4 (Q37-Q48): No termination - always completed
ERV_Q46,78,ERV,1,image-choice,vocabulary,decorated,decorated,"1,2,3,4",4,categorical,nominal,4,none,,0,FALSE,TRUE,Stage 4 (Q37-Q48): No termination - always completed
ERV_Q47,79,ERV,1,image-choice,vocabulary,triangle,triangle,"1,2,3,4",4,categorical,nominal,4,none,,0,FALSE,TRUE,Stage 4 (Q37-Q48): No termination - always completed
ERV_Q48,80,ERV,1,image-choice,vocabulary,desk,desk,"1,2,3,4",3,categorical,nominal,4,none,,0,FALSE,TRUE,Stage 4 (Q37-Q48): No termination - always completed
ERV_Date,81,ERV,1,timestamp,metadata,completion date,完成日期,ISO8601 datetime,,datetime,,,,,0,FALSE,FALSE,Auto-recorded completion timestamp
ERV_Com,82,ERV,1,completion,metadata,completion status,完成狀態,1,,boolean,nominal,,,,0,FALSE,FALSE,Task completion marker
ERV1_Score,83,ERV,1,calculated,score,Stage 1 score (Q1-Q12),第一階段分數,0-12,,numeric,ratio,,,,0,FALSE,FALSE,Count of correct answers in Stage 1
ERV2_Score,84,ERV,1,calculated,score,Stage 2 score (Q13-Q24),第二階段分數,0-12,,numeric,ratio,,,,0,FALSE,FALSE,Count of correct answers in Stage 2
ERV3_Score,85,ERV,1,calculated,score,Stage 3 score (Q25-Q36),第三階段分數,0-12,,numeric,ratio,,,,0,FALSE,FALSE,Count of correct answers in Stage 3
ERV4_Score,86,ERV,1,calculated,score,Stage 4 score (Q37-Q48),第四階段分數,0-12,,numeric,ratio,,,,0,FALSE,FALSE,Count of correct answers in Stage 4
SYM_S1,87,SYM,1,image-choice,sample,Sample: 1 vs 7,邊個大啲？1定係7？,"1,7",7,categorical,nominal,,,,,FALSE,FALSE,Sample item - administrator demonstrates
SYM_S2,88,SYM,1,image-choice,sample,Sample: 8 vs 2,邊個大啲？8定係2？,"8,2",8,categorical,nominal,,,,,FALSE,FALSE,Sample item - administrator demonstrates
SYM_S3,89,SYM,1,image-choice,sample,Sample: 2 vs 5,邊個大啲？2定係5？,"2,5",5,categorical,nominal,,,,,FALSE,FALSE,Sample item - administrator demonstrates
SYM_P1,90,SYM,1,image-choice,practice,Practice: 1 vs 6,邊個大啲？1定係6？,"1,6",6,categorical,nominal,,,,0,TRUE,FALSE,Practice item - not counted in score
SYM_P2,91,SYM,1,image-choice,practice,Practice: 7 vs 2,邊個大啲？7定係2？,"7,2",7,categorical,nominal,,,,0,TRUE,FALSE,Practice item - not counted in score
SYM_P3,92,SYM,1,image-choice,practice,Practice: 3 vs 8,邊個大啲？3定係8？,"3,8",8,categorical,nominal,,,,0,TRUE,FALSE,Practice item - not counted in score
SYM_P4,93,SYM,1,image-choice,practice,Practice: 4 vs 5,邊個大啲？4定係5？,"4,5",5,categorical,nominal,,,,0,TRUE,FALSE,Practice item - not counted in score
SYM_P5,94,SYM,1,image-choice,practice,Practice: 5 vs 7,邊個大啲？5定係7？,"5,7",7,categorical,nominal,,,,0,TRUE,FALSE,Practice item - not counted in score
SYM_P6,95,SYM,1,image-choice,practice,Practice: 6 vs 1,邊個大啲？6定係1？,"6,1",6,categorical,nominal,,,,0,TRUE,FALSE,Practice item - not counted in score
SYM_P7,96,SYM,1,image-choice,practice,Practice: 2 vs 9,邊個大啲？2定係9？,"2,9",9,categorical,nominal,,,,0,TRUE,FALSE,Practice item - not counted in score
SYM_P8,97,SYM,1,image-choice,practice,Practice: 6 vs 3,邊個大啲？6定係3？,"6,3",6,categorical,nominal,,,,0,TRUE,FALSE,Practice item - not counted in score
SYM_P9,98,SYM,1,image-choice,practice,Practice: 8 vs 7,邊個大啲？8定係7？,"8,7",8,categorical,nominal,,,,0,TRUE,FALSE,Practice item - not counted in score
SYM_Timing - First Click,99,SYM,1,timestamp,timing,First click timestamp,第一次點擊時間,ISO8601 datetime,,datetime,,,,,0,FALSE,FALSE,Time of first answer selection
SYM_Timing - Last Click,100,SYM,1,timestamp,timing,Last click timestamp,最後點擊時間,ISO8601 datetime,,datetime,,,,,0,FALSE,FALSE,Time of last answer selection
SYM_Timing - Page Submit,101,SYM,1,timestamp,timing,Page submit timestamp,頁面提交時間,ISO8601 datetime,,datetime,,,,,0,FALSE,FALSE,Time when page was submitted
SYM_Timing - Click Count,102,SYM,1,counter,timing,Total click count,點擊次數,0-999,,numeric,ratio,,,,0,FALSE,FALSE,Number of clicks during timed section
SYM_Q1,103,SYM,1,image-choice,number_comparison,1 vs 9,邊個大啲？1定係9？,"1,9",9,categorical,nominal,,timeout,,0,FALSE,TRUE,Timed task: 2 minutes total
SYM_Q2,104,SYM,1,image-choice,number_comparison,8 vs 1,邊個大啲？8定係1？,"8,1",8,categorical,nominal,,timeout,,0,FALSE,TRUE,Timed task: 2 minutes total
SYM_Q3,105,SYM,1,image-choice,number_comparison,7 vs 1,邊個大啲？7定係1？,"7,1",7,categorical,nominal,,timeout,,0,FALSE,TRUE,Timed task: 2 minutes total
SYM_Q4,106,SYM,1,image-choice,number_comparison,9 vs 2,邊個大啲？9定係2？,"9,2",9,categorical,nominal,,timeout,,0,FALSE,TRUE,Timed task: 2 minutes total
SYM_Q5,107,SYM,1,image-choice,number_comparison,3 vs 7,邊個大啲？3定係7？,"3,7",7,categorical,nominal,,timeout,,0,FALSE,TRUE,Timed task: 2 minutes total
SYM_Q6,108,SYM,1,image-choice,number_comparison,7 vs 2,邊個大啲？7定係2？,"7,2",7,categorical,nominal,,timeout,,0,FALSE,TRUE,Timed task: 2 minutes total
SYM_Q7,109,SYM,1,image-choice,number_comparison,2 vs 5,邊個大啲？2定係5？,"2,5",5,categorical,nominal,,timeout,,0,FALSE,TRUE,Timed task: 2 minutes total
SYM_Q8,110,SYM,1,image-choice,number_comparison,8 vs 2,邊個大啲？8定係2？,"8,2",8,categorical,nominal,,timeout,,0,FALSE,TRUE,Timed task: 2 minutes total
SYM_Q9,111,SYM,1,image-choice,number_comparison,1 vs 6,邊個大啲？1定係6？,"1,6",6,categorical,nominal,,timeout,,0,FALSE,TRUE,Timed task: 2 minutes total
SYM_Q10,112,SYM,1,image-choice,number_comparison,9 vs 3,邊個大啲？9定係3？,"9,3",9,categorical,nominal,,timeout,,0,FALSE,TRUE,Timed task: 2 minutes total
SYM_Q11,113,SYM,1,image-choice,number_comparison,1 vs 5,邊個大啲？1定係5？,"1,5",5,categorical,nominal,,timeout,,0,FALSE,TRUE,Timed task: 2 minutes total
SYM_Q12,114,SYM,1,image-choice,number_comparison,3 vs 8,邊個大啲？3定係8？,"3,8",8,categorical,nominal,,timeout,,0,FALSE,TRUE,Timed task: 2 minutes total
SYM_Q13,115,SYM,1,image-choice,number_comparison,9 vs 4,邊個大啲？9定係4？,"9,4",9,categorical,nominal,,timeout,,0,FALSE,TRUE,Timed task: 2 minutes total
SYM_Q14,116,SYM,1,image-choice,number_comparison,3 vs 6,邊個大啲？3定係6？,"3,6",6,categorical,nominal,,timeout,,0,FALSE,TRUE,Timed task: 2 minutes total
SYM_Q15,117,SYM,1,image-choice,number_comparison,5 vs 1,邊個大啲？5定係1？,"5,1",5,categorical,nominal,,timeout,,0,FALSE,TRUE,Timed task: 2 minutes total
SYM_Q16,118,SYM,1,image-choice,number_comparison,2 vs 9,邊個大啲？2定係9？,"2,9",9,categorical,nominal,,timeout,,0,FALSE,TRUE,Timed task: 2 minutes total
SYM_Q17,119,SYM,1,image-choice,number_comparison,6 vs 1,邊個大啲？6定係1？,"6,1",6,categorical,nominal,,timeout,,0,FALSE,TRUE,Timed task: 2 minutes total
SYM_Q18,120,SYM,1,image-choice,number_comparison,1 vs 8,邊個大啲？1定係8？,"1,8",8,categorical,nominal,,timeout,,0,FALSE,TRUE,Timed task: 2 minutes total
SYM_Q19,121,SYM,1,image-choice,number_comparison,2 vs 8,邊個大啲？2定係8？,"2,8",8,categorical,nominal,,timeout,,0,FALSE,TRUE,Timed task: 2 minutes total
SYM_Q20,122,SYM,1,image-choice,number_comparison,3 vs 9,邊個大啲？3定係9？,"3,9",9,categorical,nominal,,timeout,,0,FALSE,TRUE,Timed task: 2 minutes total
SYM_Q21,123,SYM,1,image-choice,number_comparison,8 vs 3,邊個大啲？8定係3？,"8,3",8,categorical,nominal,,timeout,,0,FALSE,TRUE,Timed task: 2 minutes total
SYM_Q22,124,SYM,1,image-choice,number_comparison,5 vs 2,邊個大啲？5定係2？,"5,2",5,categorical,nominal,,timeout,,0,FALSE,TRUE,Timed task: 2 minutes total
SYM_Q23,125,SYM,1,image-choice,number_comparison,4 vs 9,邊個大啲？4定係9？,"4,9",9,categorical,nominal,,timeout,,0,FALSE,TRUE,Timed task: 2 minutes total
SYM_Q24,126,SYM,1,image-choice,number_comparison,9 vs 1,邊個大啲？9定係1？,"9,1",9,categorical,nominal,,timeout,,0,FALSE,TRUE,Timed task: 2 minutes total
SYM_Q25,127,SYM,1,image-choice,number_comparison,7 vs 3,邊個大啲？7定係3？,"7,3",7,categorical,nominal,,timeout,,0,FALSE,TRUE,Timed task: 2 minutes total
SYM_Q26,128,SYM,1,image-choice,number_comparison,1 vs 7,邊個大啲？1定係7？,"1,7",7,categorical,nominal,,timeout,,0,FALSE,TRUE,Timed task: 2 minutes total
SYM_Q27,129,SYM,1,image-choice,number_comparison,2 vs 7,邊個大啲？2定係7？,"2,7",7,categorical,nominal,,timeout,,0,FALSE,TRUE,Timed task: 2 minutes total
SYM_Q28,130,SYM,1,image-choice,number_comparison,4 vs 8,邊個大啲？4定係8？,"4,8",8,categorical,nominal,,timeout,,0,FALSE,TRUE,Timed task: 2 minutes total
SYM_Q29,131,SYM,1,image-choice,number_comparison,5 vs 9,邊個大啲？5定係9？,"5,9",9,categorical,nominal,,timeout,,0,FALSE,TRUE,Timed task: 2 minutes total
SYM_Q30,132,SYM,1,image-choice,number_comparison,7 vs 4,邊個大啲？7定係4？,"7,4",7,categorical,nominal,,timeout,,0,FALSE,TRUE,Timed task: 2 minutes total
SYM_Q31,133,SYM,1,image-choice,number_comparison,5 vs 3,邊個大啲？5定係3？,"5,3",5,categorical,nominal,,timeout,,0,FALSE,TRUE,Timed task: 2 minutes total
SYM_Q32,134,SYM,1,image-choice,number_comparison,5 vs 8,邊個大啲？5定係8？,"5,8",8,categorical,nominal,,timeout,,0,FALSE,TRUE,Timed task: 2 minutes total
SYM_Q33,135,SYM,1,image-choice,number_comparison,2 vs 3,邊個大啲？2定係3？,"2,3",3,categorical,nominal,,timeout,,0,FALSE,TRUE,Timed task: 2 minutes total
SYM_Q34,136,SYM,1,image-choice,number_comparison,7 vs 5,邊個大啲？7定係5？,"7,5",7,categorical,nominal,,timeout,,0,FALSE,TRUE,Timed task: 2 minutes total
SYM_Q35,137,SYM,1,image-choice,number_comparison,6 vs 8,邊個大啲？6定係8？,"6,8",8,categorical,nominal,,timeout,,0,FALSE,TRUE,Timed task: 2 minutes total
SYM_Q36,138,SYM,1,image-choice,number_comparison,7 vs 9,邊個大啲？7定係9？,"7,9",9,categorical,nominal,,timeout,,0,FALSE,TRUE,Timed task: 2 minutes total
SYM_Q37,139,SYM,1,image-choice,number_comparison,4 vs 5,邊個大啲？4定係5？,"4,5",5,categorical,nominal,,timeout,,0,FALSE,TRUE,Timed task: 2 minutes total
SYM_Q38,140,SYM,1,image-choice,number_comparison,6 vs 5,邊個大啲？6定係5？,"6,5",6,categorical,nominal,,timeout,,0,FALSE,TRUE,Timed task: 2 minutes total
SYM_Q39,141,SYM,1,image-choice,number_comparison,6 vs 7,邊個大啲？6定係7？,"6,7",7,categorical,nominal,,timeout,,0,FALSE,TRUE,Timed task: 2 minutes total
SYM_Q40,142,SYM,1,image-choice,number_comparison,7 vs 8,邊個大啲？7定係8？,"7,8",8,categorical,nominal,,timeout,,0,FALSE,TRUE,Timed task: 2 minutes total
SYM_Q41,143,SYM,1,image-choice,number_comparison,9 vs 8,邊個大啲？9定係8？,"9,8",9,categorical,nominal,,timeout,,0,FALSE,TRUE,Timed task: 2 minutes total
SYM_Q42,144,SYM,1,image-choice,number_comparison,6 vs 3,邊個大啲？6定係3？,"6,3",6,categorical,nominal,,timeout,,0,FALSE,TRUE,Timed task: 2 minutes total
SYM_Q43,145,SYM,1,image-choice,number_comparison,9 vs 5,邊個大啲？9定係5？,"9,5",9,categorical,nominal,,timeout,,0,FALSE,TRUE,Timed task: 2 minutes total
SYM_Q44,146,SYM,1,image-choice,number_comparison,3 vs 5,邊個大啲？3定係5？,"3,5",5,categorical,nominal,,timeout,,0,FALSE,TRUE,Timed task: 2 minutes total
SYM_Q45,147,SYM,1,image-choice,number_comparison,3 vs 2,邊個大啲？3定係2？,"3,2",3,categorical,nominal,,timeout,,0,FALSE,TRUE,Timed task: 2 minutes total
SYM_Q46,148,SYM,1,image-choice,number_comparison,8 vs 5,邊個大啲？8定係5？,"8,5",8,categorical,nominal,,timeout,,0,FALSE,TRUE,Timed task: 2 minutes total
SYM_Q47,149,SYM,1,image-choice,number_comparison,5 vs 4,邊個大啲？5定係4？,"5,4",5,categorical,nominal,,timeout,,0,FALSE,TRUE,Timed task: 2 minutes total
SYM_Q48,150,SYM,1,image-choice,number_comparison,4 vs 7,邊個大啲？4定係7？,"4,7",7,categorical,nominal,,timeout,,0,FALSE,TRUE,Timed task: 2 minutes total
SYM_Q49,151,SYM,1,image-choice,number_comparison,8 vs 6,邊個大啲？8定係6？,"8,6",8,categorical,nominal,,timeout,,0,FALSE,TRUE,Timed task: 2 minutes total
SYM_Q50,152,SYM,1,image-choice,number_comparison,9 vs 7,邊個大啲？9定係7？,"9,7",9,categorical,nominal,,timeout,,0,FALSE,TRUE,Timed task: 2 minutes total
SYM_Q51,153,SYM,1,image-choice,number_comparison,5 vs 7,邊個大啲？5定係7？,"5,7",7,categorical,nominal,,timeout,,0,FALSE,TRUE,Timed task: 2 minutes total
SYM_Q52,154,SYM,1,image-choice,number_comparison,7 vs 6,邊個大啲？7定係6？,"7,6",7,categorical,nominal,,timeout,,0,FALSE,TRUE,Timed task: 2 minutes total
SYM_Q53,155,SYM,1,image-choice,number_comparison,8 vs 7,邊個大啲？8定係7？,"8,7",8,categorical,nominal,,timeout,,0,FALSE,TRUE,Timed task: 2 minutes total
SYM_Q54,156,SYM,1,image-choice,number_comparison,5 vs 6,邊個大啲？5定係6？,"5,6",6,categorical,nominal,,timeout,,0,FALSE,TRUE,Timed task: 2 minutes total
SYM_Q55,157,SYM,1,image-choice,number_comparison,8 vs 9,邊個大啲？8定係9？,"8,9",9,categorical,nominal,,timeout,,0,FALSE,TRUE,Timed task: 2 minutes total
SYM_Q56,158,SYM,1,image-choice,number_comparison,8 vs 4,邊個大啲？8定係4？,"8,4",8,categorical,nominal,,timeout,,0,FALSE,TRUE,Timed task: 2 minutes total
NONSYM_S1,162,NONSYM,1,image-choice,sample,Which box has more dots? (Sample 1),邊格有多啲點點？（示範1）,"L,R",,categorical,nominal,,,,0,FALSE,FALSE,Sample item: Dot comparison demonstration
NONSYM_S2,163,NONSYM,1,image-choice,sample,Which box has more dots? (Sample 2),唔好數，邊格有多啲點點？（示範2）,"L,R",,categorical,nominal,,,,0,FALSE,FALSE,Sample item: No counting instruction
NONSYM_S3,164,NONSYM,1,image-choice,sample,Which box has more dots? (Sample 3),話俾我知邊格有多啲點點？（示範3）,"L,R",,categorical,nominal,,,,0,FALSE,FALSE,Sample item: Final demonstration
NONSYM_P1,165,NONSYM,1,image-choice,practice,Practice 1: More dots,練習1：邊格有多啲點點？,"L,R",,categorical,nominal,,,,0,TRUE,FALSE,Practice item 1
NONSYM_P2,166,NONSYM,1,image-choice,practice,Practice 2: More dots,練習2：邊格有多啲點點？,"L,R",,categorical,nominal,,,,0,TRUE,FALSE,Practice item 2
NONSYM_P3,167,NONSYM,1,image-choice,practice,Practice 3: More dots,練習3：邊格有多啲點點？,"L,R",,categorical,nominal,,,,0,TRUE,FALSE,Practice item 3
NONSYM_P4,168,NONSYM,1,image-choice,practice,Practice 4: More dots,練習4：邊格有多啲點點？,"L,R",,categorical,nominal,,,,0,TRUE,FALSE,Practice item 4
NONSYM_P5,169,NONSYM,1,image-choice,practice,Practice 5: More dots,練習5：邊格有多啲點點？,"L,R",,categorical,nominal,,,,0,TRUE,FALSE,Practice item 5
NONSYM_P6,170,NONSYM,1,image-choice,practice,Practice 6: More dots,練習6：邊格有多啲點點？,"L,R",,categorical,nominal,,,,0,TRUE,FALSE,Practice item 6
NONSYM_P7,171,NONSYM,1,image-choice,practice,Practice 7: More dots,練習7：邊格有多啲點點？,"L,R",,categorical,nominal,,,,0,TRUE,FALSE,Practice item 7
NONSYM_P8,172,NONSYM,1,image-choice,practice,Practice 8: More dots,練習8：邊格有多啲點點？,"L,R",,categorical,nominal,,,,0,TRUE,FALSE,Practice item 8
NONSYM_P9,173,NONSYM,1,image-choice,practice,Practice 9: More dots,練習9：邊格有多啲點點？,"L,R",,categorical,nominal,,,,0,TRUE,FALSE,Practice item 9
NONSYM_Timing - First Click,174,NONSYM,1,timestamp,timing,First click timestamp,第一次點擊時間,ISO8601 datetime,,datetime,interval,,,,0,FALSE,FALSE,Timing: First click in timed section
NONSYM_Timing - Last Click,175,NONSYM,1,timestamp,timing,Last click timestamp,最後點擊時間,ISO8601 datetime,,datetime,interval,,,,0,FALSE,FALSE,Timing: Last click in timed section
NONSYM_Timing - Page Submit,176,NONSYM,1,timestamp,timing,Page submit timestamp,頁面提交時間,ISO8601 datetime,,datetime,interval,,,,0,FALSE,FALSE,Timing: When page was submitted
NONSYM_Timing - Click Count,177,NONSYM,1,numeric,timing,Number of clicks,點擊次數,integer,,numeric,ratio,,,,0,FALSE,FALSE,Timing: Total clicks during task
NONSYM_Q1,178,NONSYM,1,image-choice,dot_comparison,Non-symbolic dot comparison Q1,邊格有多啲點點？（第1題）,"L,R",R,categorical,nominal,,timeout,,0,FALSE,TRUE,Timed task: 2 minutes total
NONSYM_Q2,179,NONSYM,1,image-choice,dot_comparison,Non-symbolic dot comparison Q2,邊格有多啲點點？（第2題）,"L,R",L,categorical,nominal,,timeout,,0,FALSE,TRUE,Timed task: 2 minutes total
NONSYM_Q3,180,NONSYM,1,image-choice,dot_comparison,Non-symbolic dot comparison Q3,邊格有多啲點點？（第3題）,"L,R",L,categorical,nominal,,timeout,,0,FALSE,TRUE,Timed task: 2 minutes total
NONSYM_Q4,181,NONSYM,1,image-choice,dot_comparison,Non-symbolic dot comparison Q4,邊格有多啲點點？（第4題）,"L,R",L,categorical,nominal,,timeout,,0,FALSE,TRUE,Timed task: 2 minutes total
NONSYM_Q5,182,NONSYM,1,image-choice,dot_comparison,Non-symbolic dot comparison Q5,邊格有多啲點點？（第5題）,"L,R",R,categorical,nominal,,timeout,,0,FALSE,TRUE,Timed task: 2 minutes total
NONSYM_Q6,183,NONSYM,1,image-choice,dot_comparison,Non-symbolic dot comparison Q6,邊格有多啲點點？（第6題）,"L,R",L,categorical,nominal,,timeout,,0,FALSE,TRUE,Timed task: 2 minutes total
NONSYM_Q7,184,NONSYM,1,image-choice,dot_comparison,Non-symbolic dot comparison Q7,邊格有多啲點點？（第7題）,"L,R",R,categorical,nominal,,timeout,,0,FALSE,TRUE,Timed task: 2 minutes total
NONSYM_Q8,185,NONSYM,1,image-choice,dot_comparison,Non-symbolic dot comparison Q8,邊格有多啲點點？（第8題）,"L,R",R,categorical,nominal,,timeout,,0,FALSE,TRUE,Timed task: 2 minutes total
NONSYM_Q9,186,NONSYM,1,image-choice,dot_comparison,Non-symbolic dot comparison Q9,邊格有多啲點點？（第9題）,"L,R",L,categorical,nominal,,timeout,,0,FALSE,TRUE,Timed task: 2 minutes total
NONSYM_Q10,187,NONSYM,1,image-choice,dot_comparison,Non-symbolic dot comparison Q10,邊格有多啲點點？（第10題）,"L,R",R,categorical,nominal,,timeout,,0,FALSE,TRUE,Timed task: 2 minutes total
NONSYM_Q11,188,NONSYM,1,image-choice,dot_comparison,Non-symbolic dot comparison Q11,邊格有多啲點點？（第11題）,"L,R",L,categorical,nominal,,timeout,,0,FALSE,TRUE,Timed task: 2 minutes total
NONSYM_Q12,189,NONSYM,1,image-choice,dot_comparison,Non-symbolic dot comparison Q12,邊格有多啲點點？（第12題）,"L,R",R,categorical,nominal,,timeout,,0,FALSE,TRUE,Timed task: 2 minutes total
NONSYM_Q13,190,NONSYM,1,image-choice,dot_comparison,Non-symbolic dot comparison Q13,邊格有多啲點點？（第13題）,"L,R",L,categorical,nominal,,timeout,,0,FALSE,TRUE,Timed task: 2 minutes total
NONSYM_Q14,191,NONSYM,1,image-choice,dot_comparison,Non-symbolic dot comparison Q14,邊格有多啲點點？（第14題）,"L,R",R,categorical,nominal,,timeout,,0,FALSE,TRUE,Timed task: 2 minutes total
NONSYM_Q15,192,NONSYM,1,image-choice,dot_comparison,Non-symbolic dot comparison Q15,邊格有多啲點點？（第15題）,"L,R",R,categorical,nominal,,timeout,,0,FALSE,TRUE,Timed task: 2 minutes total
NONSYM_Q16,193,NONSYM,1,image-choice,dot_comparison,Non-symbolic dot comparison Q16,邊格有多啲點點？（第16題）,"L,R",R,categorical,nominal,,timeout,,0,FALSE,TRUE,Timed task: 2 minutes total
NONSYM_Q17,194,NONSYM,1,image-choice,dot_comparison,Non-symbolic dot comparison Q17,邊格有多啲點點？（第17題）,"L,R",R,categorical,nominal,,timeout,,0,FALSE,TRUE,Timed task: 2 minutes total
NONSYM_Q18,195,NONSYM,1,image-choice,dot_comparison,Non-symbolic dot comparison Q18,邊格有多啲點點？（第18題）,"L,R",L,categorical,nominal,,timeout,,0,FALSE,TRUE,Timed task: 2 minutes total
NONSYM_Q19,196,NONSYM,1,image-choice,dot_comparison,Non-symbolic dot comparison Q19,邊格有多啲點點？（第19題）,"L,R",R,categorical,nominal,,timeout,,0,FALSE,TRUE,Timed task: 2 minutes total
NONSYM_Q20,197,NONSYM,1,image-choice,dot_comparison,Non-symbolic dot comparison Q20,邊格有多啲點點？（第20題）,"L,R",L,categorical,nominal,,timeout,,0,FALSE,TRUE,Timed task: 2 minutes total
NONSYM_Q21,198,NONSYM,1,image-choice,dot_comparison,Non-symbolic dot comparison Q21,邊格有多啲點點？（第21題）,"L,R",R,categorical,nominal,,timeout,,0,FALSE,TRUE,Timed task: 2 minutes total
NONSYM_Q22,199,NONSYM,1,image-choice,dot_comparison,Non-symbolic dot comparison Q22,邊格有多啲點點？（第22題）,"L,R",L,categorical,nominal,,timeout,,0,FALSE,TRUE,Timed task: 2 minutes total
NONSYM_Q23,200,NONSYM,1,image-choice,dot_comparison,Non-symbolic dot comparison Q23,邊格有多啲點點？（第23題）,"L,R",R,categorical,nominal,,timeout,,0,FALSE,TRUE,Timed task: 2 minutes total
NONSYM_Q24,201,NONSYM,1,image-choice,dot_comparison,Non-symbolic dot comparison Q24,邊格有多啲點點？（第24題）,"L,R",R,categorical,nominal,,timeout,,0,FALSE,TRUE,Timed task: 2 minutes total
NONSYM_Q25,202,NONSYM,1,image-choice,dot_comparison,Non-symbolic dot comparison Q25,邊格有多啲點點？（第25題）,"L,R",L,categorical,nominal,,timeout,,0,FALSE,TRUE,Timed task: 2 minutes total
NONSYM_Q26,203,NONSYM,1,image-choice,dot_comparison,Non-symbolic dot comparison Q26,邊格有多啲點點？（第26題）,"L,R",L,categorical,nominal,,timeout,,0,FALSE,TRUE,Timed task: 2 minutes total
NONSYM_Q27,204,NONSYM,1,image-choice,dot_comparison,Non-symbolic dot comparison Q27,邊格有多啲點點？（第27題）,"L,R",L,categorical,nominal,,timeout,,0,FALSE,TRUE,Timed task: 2 minutes total
NONSYM_Q28,205,NONSYM,1,image-choice,dot_comparison,Non-symbolic dot comparison Q28,邊格有多啲點點？（第28題）,"L,R",L,categorical,nominal,,timeout,,0,FALSE,TRUE,Timed task: 2 minutes total
NONSYM_Q29,206,NONSYM,1,image-choice,dot_comparison,Non-symbolic dot comparison Q29,邊格有多啲點點？（第29題）,"L,R",R,categorical,nominal,,timeout,,0,FALSE,TRUE,Timed task: 2 minutes total
NONSYM_Q30,207,NONSYM,1,image-choice,dot_comparison,Non-symbolic dot comparison Q30,邊格有多啲點點？（第30題）,"L,R",L,categorical,nominal,,timeout,,0,FALSE,TRUE,Timed task: 2 minutes total
NONSYM_Q31,208,NONSYM,1,image-choice,dot_comparison,Non-symbolic dot comparison Q31,邊格有多啲點點？（第31題）,"L,R",L,categorical,nominal,,timeout,,0,FALSE,TRUE,Timed task: 2 minutes total
NONSYM_Q32,209,NONSYM,1,image-choice,dot_comparison,Non-symbolic dot comparison Q32,邊格有多啲點點？（第32題）,"L,R",R,categorical,nominal,,timeout,,0,FALSE,TRUE,Timed task: 2 minutes total
NONSYM_Q33,210,NONSYM,1,image-choice,dot_comparison,Non-symbolic dot comparison Q33,邊格有多啲點點？（第33題）,"L,R",L,categorical,nominal,,timeout,,0,FALSE,TRUE,Timed task: 2 minutes total
NONSYM_Q34,211,NONSYM,1,image-choice,dot_comparison,Non-symbolic dot comparison Q34,邊格有多啲點點？（第34題）,"L,R",L,categorical,nominal,,timeout,,0,FALSE,TRUE,Timed task: 2 minutes total
NONSYM_Q35,212,NONSYM,1,image-choice,dot_comparison,Non-symbolic dot comparison Q35,邊格有多啲點點？（第35題）,"L,R",R,categorical,nominal,,timeout,,0,FALSE,TRUE,Timed task: 2 minutes total
NONSYM_Q36,213,NONSYM,1,image-choice,dot_comparison,Non-symbolic dot comparison Q36,邊格有多啲點點？（第36題）,"L,R",R,categorical,nominal,,timeout,,0,FALSE,TRUE,Timed task: 2 minutes total
NONSYM_Q37,214,NONSYM,1,image-choice,dot_comparison,Non-symbolic dot comparison Q37,邊格有多啲點點？（第37題）,"L,R",L,categorical,nominal,,timeout,,0,FALSE,TRUE,Timed task: 2 minutes total
NONSYM_Q38,215,NONSYM,1,image-choice,dot_comparison,Non-symbolic dot comparison Q38,邊格有多啲點點？（第38題）,"L,R",R,categorical,nominal,,timeout,,0,FALSE,TRUE,Timed task: 2 minutes total
NONSYM_Q39,216,NONSYM,1,image-choice,dot_comparison,Non-symbolic dot comparison Q39,邊格有多啲點點？（第39題）,"L,R",L,categorical,nominal,,timeout,,0,FALSE,TRUE,Timed task: 2 minutes total
NONSYM_Q40,217,NONSYM,1,image-choice,dot_comparison,Non-symbolic dot comparison Q40,邊格有多啲點點？（第40題）,"L,R",R,categorical,nominal,,timeout,,0,FALSE,TRUE,Timed task: 2 minutes total
NONSYM_Q41,218,NONSYM,1,image-choice,dot_comparison,Non-symbolic dot comparison Q41,邊格有多啲點點？（第41題）,"L,R",R,categorical,nominal,,timeout,,0,FALSE,TRUE,Timed task: 2 minutes total
NONSYM_Q42,219,NONSYM,1,image-choice,dot_comparison,Non-symbolic dot comparison Q42,邊格有多啲點點？（第42題）,"L,R",L,categorical,nominal,,timeout,,0,FALSE,TRUE,Timed task: 2 minutes total
NONSYM_Q43,220,NONSYM,1,image-choice,dot_comparison,Non-symbolic dot comparison Q43,邊格有多啲點點？（第43題）,"L,R",L,categorical,nominal,,timeout,,0,FALSE,TRUE,Timed task: 2 minutes total
NONSYM_Q44,221,NONSYM,1,image-choice,dot_comparison,Non-symbolic dot comparison Q44,邊格有多啲點點？（第44題）,"L,R",R,categorical,nominal,,timeout,,0,FALSE,TRUE,Timed task: 2 minutes total
NONSYM_Q45,222,NONSYM,1,image-choice,dot_comparison,Non-symbolic dot comparison Q45,邊格有多啲點點？（第45題）,"L,R",R,categorical,nominal,,timeout,,0,FALSE,TRUE,Timed task: 2 minutes total
NONSYM_Q46,223,NONSYM,1,image-choice,dot_comparison,Non-symbolic dot comparison Q46,邊格有多啲點點？（第46題）,"L,R",R,categorical,nominal,,timeout,,0,FALSE,TRUE,Timed task: 2 minutes total
NONSYM_Q47,224,NONSYM,1,image-choice,dot_comparison,Non-symbolic dot comparison Q47,邊格有多啲點點？（第47題）,"L,R",R,categorical,nominal,,timeout,,0,FALSE,TRUE,Timed task: 2 minutes total
NONSYM_Q48,225,NONSYM,1,image-choice,dot_comparison,Non-symbolic dot comparison Q48,邊格有多啲點點？（第48題）,"L,R",L,categorical,nominal,,timeout,,0,FALSE,TRUE,Timed task: 2 minutes total
NONSYM_Q49,226,NONSYM,1,image-choice,dot_comparison,Non-symbolic dot comparison Q49,邊格有多啲點點？（第49題）,"L,R",R,categorical,nominal,,timeout,,0,FALSE,TRUE,Timed task: 2 minutes total
NONSYM_Q50,227,NONSYM,1,image-choice,dot_comparison,Non-symbolic dot comparison Q50,邊格有多啲點點？（第50題）,"L,R",L,categorical,nominal,,timeout,,0,FALSE,TRUE,Timed task: 2 minutes total
NONSYM_Q51,228,NONSYM,1,image-choice,dot_comparison,Non-symbolic dot comparison Q51,邊格有多啲點點？（第51題）,"L,R",L,categorical,nominal,,timeout,,0,FALSE,TRUE,Timed task: 2 minutes total
NONSYM_Q52,229,NONSYM,1,image-choice,dot_comparison,Non-symbolic dot comparison Q52,邊格有多啲點點？（第52題）,"L,R",L,categorical,nominal,,timeout,,0,FALSE,TRUE,Timed task: 2 minutes total
NONSYM_Q53,230,NONSYM,1,image-choice,dot_comparison,Non-symbolic dot comparison Q53,邊格有多啲點點？（第53題）,"L,R",R,categorical,nominal,,timeout,,0,FALSE,TRUE,Timed task: 2 minutes total
NONSYM_Q54,231,NONSYM,1,image-choice,dot_comparison,Non-symbolic dot comparison Q54,邊格有多啲點點？（第54題）,"L,R",L,categorical,nominal,,timeout,,0,FALSE,TRUE,Timed task: 2 minutes total
NONSYM_Q55,232,NONSYM,1,image-choice,dot_comparison,Non-symbolic dot comparison Q55,邊格有多啲點點？（第55題）,"L,R",L,categorical,nominal,,timeout,,0,FALSE,TRUE,Timed task: 2 minutes total
NONSYM_Q56,233,NONSYM,1,image-choice,dot_comparison,Non-symbolic dot comparison Q56,邊格有多啲點點？（第56題）,"L,R",R,categorical,nominal,,timeout,,0,FALSE,TRUE,Timed task: 2 minutes total
SYM_NS_Date,234,SYM_NS,1,timestamp,metadata,SYM+NONSYM Completion date,符號及非符號數量比較完成日期,ISO8601 datetime,,datetime,,,,,0,FALSE,FALSE,Shared completion timestamp for SYM and NONSYM tasks
SYM_NS_Com,235,SYM_NS,1,completion,metadata,SYM+NONSYM Completion status,符號及非符號數量比較完成狀態,1,,boolean,nominal,,,,0,FALSE,FALSE,Shared completion marker for SYM and NONSYM tasks
ToM_Q1a,239,ToM,1,image-choice,diverse_desires,What do you prefer: carrot or cookie?,你鍾意食咩嘢多啲？係紅蘿蔔定曲奇餅吖？,"紅蘿蔔,曲奇餅",,categorical,nominal,,none,,0,FALSE,FALSE,Diverse Desires: Child's own preference (setup question)
ToM_Q1b,240,ToM,1,image-choice,diverse_desires,What will Siu Ming choose?,而家係茶點時間，小明會揀邊樣呢？揀紅蘿蔔定曲奇餅吖？,"紅蘿蔔,曲奇餅",opposite of Q1a,categorical,nominal,,none,,0,FALSE,TRUE,Diverse Desires: Correct = opposite of child's choice
ToM_Q2a,241,ToM,1,image-choice,diverse_beliefs,Where do you think the cat is?,你覺得小貓喺邊度？喺車房定草叢吖？,"車房,草叢",,categorical,nominal,,none,,0,FALSE,FALSE,Diverse Beliefs: Child's own belief (setup question)
ToM_Q2b,242,ToM,1,image-choice,diverse_beliefs,Where will Siu Lam look for the cat?,而家小琳會去邊度揾小貓呢？去車房定草叢吖？,"車房,草叢",opposite of Q2a,categorical,nominal,,none,,0,FALSE,TRUE,Diverse Beliefs: Correct = opposite of child's choice
ToM_Q3_TEXT,243,ToM,1,text,knowledge_access,What do you think is in the drawer?,你覺得櫃桶入面裝咗啲咩呢？,free text,,text,nominal,,none,,0,FALSE,FALSE,Knowledge Access: Child's initial guess (open-ended)
ToM_Q3a,244,ToM,1,radio_text,knowledge_access,What is in the drawer?,好喇，櫃桶入面有啲咩吖？,"狗仔,其他",狗仔,categorical,nominal,,none,,0,FALSE,TRUE,Knowledge Access: Reality check after reveal
ToM_Q3a_TEXT,245,ToM,1,text,knowledge_access,Other answer for Q3a,其他答案（Q3a）,free text,,text,nominal,,none,,0,FALSE,FALSE,Text field for Q3a other answer
ToM_Q3b,246,ToM,1,radio,knowledge_access,Does Siu Lei know what is in the drawer?,咁小莉知唔知道櫃桶入面有咩吖？,"知道,不知道",不知道,categorical,nominal,,none,,0,FALSE,TRUE,Knowledge Access: Understanding others lack of knowledge
ToM_Q3c,247,ToM,1,radio,knowledge_access,Has Siu Lei looked inside the drawer?,小莉有冇睇過櫃桶入面有啲咩？,"有,沒有",沒有,categorical,nominal,,none,,0,FALSE,TRUE,Knowledge Access: Control question
ToM_Q4a_ins1_TEXT,248,ToM,1,text,contents_false_belief,What do you think is in the bandage box?,你覺得膠布盒入面有啲咩？,free text,,text,nominal,,none,,0,FALSE,FALSE,Contents False Belief: Child's initial guess
ToM_Q4a,249,ToM,1,radio_text,contents_false_belief,What is in the bandage box?,好喇，膠布盒入面有啲咩吖？,"豬仔,其他",豬仔,categorical,nominal,,none,,0,FALSE,TRUE,Contents False Belief: Reality check
ToM_Q4a_TEXT,250,ToM,1,text,contents_false_belief,Other answer for Q4a,其他答案（Q4a）,free text,,text,nominal,,none,,0,FALSE,FALSE,Text field for Q4a other answer
ToM_Q4b,251,ToM,1,radio,contents_false_belief,What will Peter think is in the box?,咁彼得會認爲膠布盒入面裝住啲咩呢？係膠布定豬仔？,"膠布,豬仔",膠布,categorical,nominal,,none,,0,FALSE,TRUE,Contents False Belief: Understanding false belief
ToM_Q4c,252,ToM,1,radio,contents_false_belief,Has Peter looked inside the box?,彼得有冇睇過個盒入面？,"有,沒有",沒有,categorical,nominal,,none,,0,FALSE,TRUE,Contents False Belief: Control question
ToM_Q5a,253,ToM,1,radio,explicit_false_belief,Where will Siu Keung look for his gloves?,咁小強會喺邊揾佢對手套吖？喺書包定衣櫃？,"書包,衣櫃",衣櫃,categorical,nominal,,none,,0,FALSE,TRUE,Explicit False Belief: Location belief vs reality
ToM_Q5b,254,ToM,1,radio,explicit_false_belief,Where are Siu Keungs gloves actually?,小強對手套事實上喺邊呢？喺書包定衣櫃？,"書包,衣櫃",書包,categorical,nominal,,none,,0,FALSE,TRUE,Explicit False Belief: Reality control question
ToM_P1,255,ToM,1,image-choice,practice,Point to happy face,我想你指比我睇邊幅圖片表示開心呢？,"開心,無表情,唔開心",開心,categorical,nominal,,,,0,TRUE,FALSE,Emotion recognition practice - happy
ToM_P2,256,ToM,1,image-choice,practice,Point to unhappy face,邊幅圖片表示唔開心呢？,"開心,無表情,唔開心",唔開心,categorical,nominal,,,,0,TRUE,FALSE,Emotion recognition practice - unhappy
ToM_P3,257,ToM,1,image-choice,practice,Point to neutral face,邊幅圖片表示無表情呢？,"開心,無表情,唔開心",無表情,categorical,nominal,,,,0,TRUE,FALSE,Emotion recognition practice - neutral
ToM_Q6a,258,ToM,1,radio_text,belief_emotion,What is Teddys favorite snack?,泰迪最鍾意嘅零食係咩吖？,"粟米片,其他",粟米片,categorical,nominal,,none,,0,FALSE,TRUE,Belief-Emotion: Memory control question
ToM_Q6a_TEXT,259,ToM,1,text,belief_emotion,Other answer for Q6a,其他答案（Q6a）,free text,,text,nominal,,none,,0,FALSE,FALSE,Text field for Q6a other answer
ToM_Q6b,260,ToM,1,image-choice,belief_emotion,How will Teddy feel receiving the box?,泰迪收到個盒會覺得點吖？開心、無表情、定唔開心？,"開心,無表情,唔開心",開心,categorical,nominal,,none,,0,FALSE,TRUE,Belief-Emotion: Emotion based on false belief
ToM_Q6c,261,ToM,1,image-choice,belief_emotion,How will Teddy feel after opening the box?,泰迪打開個盒睇完之後會覺得點吖？,"開心,無表情,唔開心",唔開心,categorical,nominal,,none,,0,FALSE,TRUE,Belief-Emotion: Emotion after reality revealed
ToM_Q7a,262,ToM,1,radio_text,real_apparent_emotion,What did other children do when joke was told?,其他小朋友聽到呢個笑話有咩反應？,"好搞笑,其他",好搞笑,categorical,nominal,,none,,0,FALSE,TRUE,Real-Apparent Emotion: Memory control question
ToM_Q7a_TEXT,263,ToM,1,text,real_apparent_emotion,Other answer for Q7a,其他答案（Q7a）,free text,,text,nominal,,none,,0,FALSE,FALSE,Text field for Q7a other answer
ToM_Q7b,264,ToM,1,radio_text,real_apparent_emotion,What would others do if they knew Siu Kwongs feelings?,如果其他人知道小光嘅感受會點樣？,"話小光成個bb咁,其他",話小光成個bb咁,categorical,nominal,,none,,0,FALSE,TRUE,Real-Apparent Emotion: Memory control question
ToM_Q7b_TEXT,265,ToM,1,text,real_apparent_emotion,Other answer for Q7b,其他答案（Q7b）,free text,,text,nominal,,none,,0,FALSE,FALSE,Text field for Q7b other answer
ToM_Q7c,266,ToM,1,image-choice,real_apparent_emotion,How does Siu Kwong really feel?,小光內心實際覺得點吖？,"開心,無表情,唔開心",唔開心,categorical,nominal,,none,,0,FALSE,TRUE,Real-Apparent Emotion: True internal feeling
ToM_Q7d,267,ToM,1,image-choice,real_apparent_emotion,What expression does Siu Kwong try to show?,小光想比其他人見到佢嘅表情係點？,"開心,無表情,唔開心",開心,categorical,nominal,,none,,0,FALSE,TRUE,Real-Apparent Emotion: Displayed expression
ToM_Date,268,ToM,1,timestamp,metadata,Completion date,完成日期,ISO8601 datetime,,datetime,,,,,0,FALSE,FALSE,Auto-recorded completion timestamp
ToM_Score_TEXT,269,ToM,1,text,score,Score notes,評分備註,free text,,text,nominal,,,,0,FALSE,FALSE,Administrator notes on scoring
ToM_Com,270,ToM,1,completion,metadata,Completion status,完成狀態,1,,boolean,nominal,,,,0,FALSE,FALSE,Task completion marker
TOM_PreChoice,271,ToM,1,system,metadata,Previous choice tracking,上一個選擇追蹤,varies,,text,nominal,,,,0,FALSE,FALSE,System field for branching logic
TOM_CurChoice,272,ToM,1,system,metadata,Current choice tracking,當前選擇追蹤,varies,,text,nominal,,,,0,FALSE,FALSE,System field for branching logic
TOM_Score,273,ToM,1,calculated,score,Total ToM score,心智理論總分,0-14,,numeric,ratio,,,,0,FALSE,FALSE,Sum of correct scored items
CWR_Q1,274,CWR,2,radio,word_reading,Chinese character: 山,山,"Y,N",Y,categorical,nominal,,consecutive,CWR_10Incorrect,10,FALSE,TRUE,Single character reading - consecutive 10 incorrect terminates
CWR_Q2,275,CWR,2,radio,word_reading,Chinese character: 牛,牛,"Y,N",Y,categorical,nominal,,consecutive,CWR_10Incorrect,10,FALSE,TRUE,Single character reading
CWR_Q3,276,CWR,2,radio,word_reading,Chinese character: 花,花,"Y,N",Y,categorical,nominal,,consecutive,CWR_10Incorrect,10,FALSE,TRUE,Single character reading
CWR_Q4,277,CWR,2,radio,word_reading,Chinese character: 車,車,"Y,N",Y,categorical,nominal,,consecutive,CWR_10Incorrect,10,FALSE,TRUE,Single character reading
CWR_Q5,278,CWR,2,radio,word_reading,Chinese character: 水,水,"Y,N",Y,categorical,nominal,,consecutive,CWR_10Incorrect,10,FALSE,TRUE,Single character reading
CWR_Q6,279,CWR,2,radio,word_reading,Chinese character: 爸,爸,"Y,N",Y,categorical,nominal,,consecutive,CWR_10Incorrect,10,FALSE,TRUE,Single character reading
CWR_Q7,280,CWR,2,radio,word_reading,Chinese character: 哥,哥,"Y,N",Y,categorical,nominal,,consecutive,CWR_10Incorrect,10,FALSE,TRUE,Single character reading
CWR_Q8,281,CWR,2,radio,word_reading,Chinese character: 色,色,"Y,N",Y,categorical,nominal,,consecutive,CWR_10Incorrect,10,FALSE,TRUE,Single character reading
CWR_Q9,282,CWR,2,radio,word_reading,Chinese character: 風,風,"Y,N",Y,categorical,nominal,,consecutive,CWR_10Incorrect,10,FALSE,TRUE,Single character reading
CWR_Q10,283,CWR,2,radio,word_reading,Chinese character: 早,早,"Y,N",Y,categorical,nominal,,consecutive,CWR_10Incorrect,10,FALSE,TRUE,Single character reading
CWR_Q11,284,CWR,2,radio,word_reading,Chinese character: 生,生,"Y,N",Y,categorical,nominal,,consecutive,CWR_10Incorrect,10,FALSE,TRUE,Single character reading
CWR_Q12,285,CWR,2,radio,word_reading,Chinese character: 狗,狗,"Y,N",Y,categorical,nominal,,consecutive,CWR_10Incorrect,10,FALSE,TRUE,Single character reading
CWR_Q13,286,CWR,2,radio,word_reading,Chinese character: 媽,媽,"Y,N",Y,categorical,nominal,,consecutive,CWR_10Incorrect,10,FALSE,TRUE,Single character reading
CWR_Q14,287,CWR,2,radio,word_reading,Chinese character: 手,手,"Y,N",Y,categorical,nominal,,consecutive,CWR_10Incorrect,10,FALSE,TRUE,Single character reading
CWR_Q15,288,CWR,2,radio,word_reading,Chinese character: 秋,秋,"Y,N",Y,categorical,nominal,,consecutive,CWR_10Incorrect,10,FALSE,TRUE,Single character reading
CWR_Q16,289,CWR,2,radio,word_reading,Chinese character: 我,我,"Y,N",Y,categorical,nominal,,consecutive,CWR_10Incorrect,10,FALSE,TRUE,Single character reading
CWR_Q17,290,CWR,2,radio,word_reading,Chinese character: 樹,樹,"Y,N",Y,categorical,nominal,,consecutive,CWR_10Incorrect,10,FALSE,TRUE,Single character reading
CWR_Q18,291,CWR,2,radio,word_reading,Chinese character: 球,球,"Y,N",Y,categorical,nominal,,consecutive,CWR_10Incorrect,10,FALSE,TRUE,Single character reading
CWR_Q19,292,CWR,2,radio,word_reading,Chinese character: 藍,藍,"Y,N",Y,categorical,nominal,,consecutive,CWR_10Incorrect,10,FALSE,TRUE,Single character reading
CWR_Q20,293,CWR,2,radio,word_reading,Chinese character: 好,好,"Y,N",Y,categorical,nominal,,consecutive,CWR_10Incorrect,10,FALSE,TRUE,Single character reading
CWR_Q21,294,CWR,2,radio,word_reading,Chinese character: 兒,兒,"Y,N",Y,categorical,nominal,,consecutive,CWR_10Incorrect,10,FALSE,TRUE,Single character reading
CWR_Q22,295,CWR,2,radio,word_reading,Chinese character: 飛,飛,"Y,N",Y,categorical,nominal,,consecutive,CWR_10Incorrect,10,FALSE,TRUE,Single character reading
CWR_Q23,296,CWR,2,radio,word_reading,Chinese character: 多,多,"Y,N",Y,categorical,nominal,,consecutive,CWR_10Incorrect,10,FALSE,TRUE,Single character reading
CWR_Q24,297,CWR,2,radio,word_reading,Chinese character: 快,快,"Y,N",Y,categorical,nominal,,consecutive,CWR_10Incorrect,10,FALSE,TRUE,Single character reading
CWR_Q25,298,CWR,2,radio,word_reading,Chinese character: 個,個,"Y,N",Y,categorical,nominal,,consecutive,CWR_10Incorrect,10,FALSE,TRUE,Single character reading
CWR_Q26,299,CWR,2,radio,word_reading,Chinese character: 的,的,"Y,N",Y,categorical,nominal,,consecutive,CWR_10Incorrect,10,FALSE,TRUE,Single character reading
CWR_Q27,300,CWR,2,radio,word_reading,Chinese character: 蕉,蕉,"Y,N",Y,categorical,nominal,,consecutive,CWR_10Incorrect,10,FALSE,TRUE,Single character reading
CWR_Q28,301,CWR,2,radio,word_reading,Chinese character: 去,去,"Y,N",Y,categorical,nominal,,consecutive,CWR_10Incorrect,10,FALSE,TRUE,Single character reading
CWR_Q29,302,CWR,2,radio,word_reading,Chinese character: 在,在,"Y,N",Y,categorical,nominal,,consecutive,CWR_10Incorrect,10,FALSE,TRUE,Single character reading
CWR_Q30,303,CWR,2,radio,word_reading,Chinese character: 說,說,"Y,N",Y,categorical,nominal,,consecutive,CWR_10Incorrect,10,FALSE,TRUE,Single character reading
CWR_Q31,304,CWR,2,radio,word_reading,Chinese word: 香港,香港,"Y,N",Y,categorical,nominal,,consecutive,CWR_10Incorrect,10,FALSE,TRUE,Word reading - both characters must be correct
CWR_Q32,305,CWR,2,radio,word_reading,Chinese word: 市場,市場,"Y,N",Y,categorical,nominal,,consecutive,CWR_10Incorrect,10,FALSE,TRUE,Word reading
CWR_Q33,306,CWR,2,radio,word_reading,Chinese word: 新年,新年,"Y,N",Y,categorical,nominal,,consecutive,CWR_10Incorrect,10,FALSE,TRUE,Word reading
CWR_Q34,307,CWR,2,radio,word_reading,Chinese word: 星期,星期,"Y,N",Y,categorical,nominal,,consecutive,CWR_10Incorrect,10,FALSE,TRUE,Word reading
CWR_Q35,308,CWR,2,radio,word_reading,Chinese word: 耳朵,耳朵,"Y,N",Y,categorical,nominal,,consecutive,CWR_10Incorrect,10,FALSE,TRUE,Word reading
CWR_Q36,309,CWR,2,radio,word_reading,Chinese word: 中午,中午,"Y,N",Y,categorical,nominal,,consecutive,CWR_10Incorrect,10,FALSE,TRUE,Word reading
CWR_Q37,310,CWR,2,radio,word_reading,Chinese word: 眼睛,眼睛,"Y,N",Y,categorical,nominal,,consecutive,CWR_10Incorrect,10,FALSE,TRUE,Word reading
CWR_Q38,311,CWR,2,radio,word_reading,Chinese word: 晚上,晚上,"Y,N",Y,categorical,nominal,,consecutive,CWR_10Incorrect,10,FALSE,TRUE,Word reading
CWR_Q39,312,CWR,2,radio,word_reading,Chinese word: 老師,老師,"Y,N",Y,categorical,nominal,,consecutive,CWR_10Incorrect,10,FALSE,TRUE,Word reading
CWR_Q40,313,CWR,2,radio,word_reading,Chinese word: 房屋,房屋,"Y,N",Y,categorical,nominal,,consecutive,CWR_10Incorrect,10,FALSE,TRUE,Word reading
CWR_Q41,314,CWR,2,radio,word_reading,Chinese word: 美麗,美麗,"Y,N",Y,categorical,nominal,,consecutive,CWR_10Incorrect,10,FALSE,TRUE,Word reading
CWR_Q42,315,CWR,2,radio,word_reading,Chinese word: 衣服,衣服,"Y,N",Y,categorical,nominal,,consecutive,CWR_10Incorrect,10,FALSE,TRUE,Word reading
CWR_Q43,316,CWR,2,radio,word_reading,Chinese word: 鼻子,鼻子,"Y,N",Y,categorical,nominal,,consecutive,CWR_10Incorrect,10,FALSE,TRUE,Word reading
CWR_Q44,317,CWR,2,radio,word_reading,Chinese word: 再見,再見,"Y,N",Y,categorical,nominal,,consecutive,CWR_10Incorrect,10,FALSE,TRUE,Word reading
CWR_Q45,318,CWR,2,radio,word_reading,Chinese word: 禮物,禮物,"Y,N",Y,categorical,nominal,,consecutive,CWR_10Incorrect,10,FALSE,TRUE,Word reading
CWR_Q46,319,CWR,2,radio,word_reading,Chinese word: 蜜蜂,蜜蜂,"Y,N",Y,categorical,nominal,,consecutive,CWR_10Incorrect,10,FALSE,TRUE,Word reading
CWR_Q47,320,CWR,2,radio,word_reading,Chinese word: 書包,書包,"Y,N",Y,categorical,nominal,,consecutive,CWR_10Incorrect,10,FALSE,TRUE,Word reading
CWR_Q48,321,CWR,2,radio,word_reading,Chinese word: 電腦,電腦,"Y,N",Y,categorical,nominal,,consecutive,CWR_10Incorrect,10,FALSE,TRUE,Word reading
CWR_Q49,322,CWR,2,radio,word_reading,Chinese word: 馬路,馬路,"Y,N",Y,categorical,nominal,,consecutive,CWR_10Incorrect,10,FALSE,TRUE,Word reading
CWR_Q50,323,CWR,2,radio,word_reading,Chinese word: 糖果,糖果,"Y,N",Y,categorical,nominal,,consecutive,CWR_10Incorrect,10,FALSE,TRUE,Word reading
CWR_Q51,324,CWR,2,radio,word_reading,Chinese word: 你們,你們,"Y,N",Y,categorical,nominal,,consecutive,CWR_10Incorrect,10,FALSE,TRUE,Word reading
CWR_Q52,325,CWR,2,radio,word_reading,Chinese word: 家庭,家庭,"Y,N",Y,categorical,nominal,,consecutive,CWR_10Incorrect,10,FALSE,TRUE,Word reading
CWR_Q53,326,CWR,2,radio,word_reading,Chinese word: 飲食,飲食,"Y,N",Y,categorical,nominal,,consecutive,CWR_10Incorrect,10,FALSE,TRUE,Word reading
CWR_Q54,327,CWR,2,radio,word_reading,Chinese word: 牙刷,牙刷,"Y,N",Y,categorical,nominal,,consecutive,CWR_10Incorrect,10,FALSE,TRUE,Word reading
CWR_Q55,328,CWR,2,radio,word_reading,Chinese word: 海灘,海灘,"Y,N",Y,categorical,nominal,,consecutive,CWR_10Incorrect,10,FALSE,TRUE,Word reading
CWR_Date,329,CWR,2,timestamp,metadata,Completion date,完成日期,ISO8601 datetime,,datetime,,,,,0,FALSE,FALSE,Auto-recorded completion timestamp
CWR_Com,330,CWR,2,completion,metadata,Completion status,完成狀態,1,,boolean,nominal,,,,0,FALSE,FALSE,Task completion marker
CWR_Score,331,CWR,2,calculated,score,Total CWR score,中文認字總分,0-55,,numeric,ratio,,,,0,FALSE,FALSE,Sum of correct responses (Y=1)
TEC_M_Q1,335,TEC,2,image-choice,emotion_recognition,Q1: Identify sad (Male),辨認難過,"1,2,3,4",2,categorical,nominal,,,,0,FALSE,TRUE,Basic emotion recognition - 難過
TEC_M_Q2,336,TEC,2,image-choice,emotion_recognition,Q2: Identify happy (Male),辨認開心,"1,2,3,4",1,categorical,nominal,,,,0,FALSE,TRUE,Basic emotion recognition - 開心
TEC_M_Q3,337,TEC,2,image-choice,emotion_recognition,Q3: Identify angry (Male),辨認生氣,"1,2,3,4",3,categorical,nominal,,,,0,FALSE,TRUE,Basic emotion recognition - 生氣
TEC_M_Q4,338,TEC,2,image-choice,emotion_recognition,Q4: Identify neutral (Male),辨認無表情,"1,2,3,4",4,categorical,nominal,,,,0,FALSE,TRUE,Basic emotion recognition - 無表情
TEC_M_Q5,339,TEC,2,image-choice,emotion_recognition,Q5: Identify scared (Male),辨認害怕,"1,2,3,4",4,categorical,nominal,,,,0,FALSE,TRUE,Basic emotion recognition - 害怕
TEC_M_Q6,340,TEC,2,image-choice,emotion_situation,Q6: Dead turtle - sad (Male),死烏龜情境,"1,2,3,4",2,categorical,nominal,,,,0,FALSE,TRUE,Situation-based emotion - 難過
TEC_M_Q7,341,TEC,2,image-choice,emotion_situation,Q7: Birthday gift - happy (Male),生日禮物情境,"1,2,3,4",1,categorical,nominal,,,,0,FALSE,TRUE,Situation-based emotion - 開心
TEC_M_Q8,342,TEC,2,image-choice,emotion_situation,Q8: Brother disturbs - angry (Male),被弟弟阻止畫畫,"1,2,3,4",3,categorical,nominal,,,,0,FALSE,TRUE,Situation-based emotion - 生氣
TEC_M_Q9,343,TEC,2,image-choice,emotion_situation,Q9: Waiting for bus - neutral (Male),等巴士情境,"1,2,3,4",4,categorical,nominal,,,,0,FALSE,TRUE,Situation-based emotion - 無表情
TEC_M_Q10,344,TEC,2,image-choice,emotion_situation,Q10: Monster chasing - scared (Male),怪物追趕情境,"1,2,3,4",4,categorical,nominal,,,,0,FALSE,TRUE,Situation-based emotion - 害怕
TEC_M_Q11,345,TEC,2,image-choice,emotion_desire,Q11: Coke lover sees coke (Male),喜歡可樂者見到可樂,"1,2,3,4",1,categorical,nominal,,,,0,FALSE,TRUE,Desire-based emotion - 開心
TEC_M_Q12,346,TEC,2,image-choice,emotion_desire,Q12: Coke hater sees coke (Male),不喜歡可樂者見到可樂,"1,2,3,4",2,categorical,nominal,,,,0,FALSE,TRUE,Desire-based emotion - 難過
TEC_M_Q13,347,TEC,2,image-choice,emotion_desire,Q13: Veggie hater sees veggie (Male),不喜歡蔬菜者見到蔬菜,"1,2,3,4",2,categorical,nominal,,,,0,FALSE,TRUE,Desire-based emotion - 難過
TEC_M_Q14,348,TEC,2,image-choice,emotion_desire,Q14: Veggie lover sees veggie (Male),喜歡蔬菜者見到蔬菜,"1,2,3,4",1,categorical,nominal,,,,0,FALSE,TRUE,Desire-based emotion - 開心
TEC_M_Q15,349,TEC,2,image-choice,emotion_belief,Q15: False belief emotion (Male),錯誤信念情緒,"1,2,3,4",1,categorical,nominal,,,,0,FALSE,TRUE,Belief-based emotion understanding
TEC_M_Q16a,350,TEC,2,image-choice,emotion_belief,Q16a: False belief emotion A (Male),錯誤信念情緒A,"1,2,3,4",1,categorical,nominal,,,,0,FALSE,TRUE,Belief-based emotion understanding
TEC_M_Q16b,351,TEC,2,image-choice,emotion_belief,Q16b: False belief emotion B (Male),錯誤信念情緒B,"1,2,3,4",2,categorical,nominal,,,,0,FALSE,TRUE,Belief-based emotion understanding
TEC_M_Q17,352,TEC,2,image-choice,emotion_regulation,Q17: Regulating sadness (Male),調節悲傷情緒,"1,2,3,4",4,categorical,nominal,,,,0,FALSE,TRUE,Emotion regulation strategy
TEC_M_Q18,353,TEC,2,image-choice,emotion_hiding,Q18: Hiding true feelings (Male),隱藏真實情緒,"1,2,3,4",1,categorical,nominal,,,,0,FALSE,TRUE,Hidden emotion understanding
TEC_M_Date,354,TEC,2,timestamp,metadata,Completion date (Male),完成日期(男),ISO8601 datetime,,datetime,,,,,0,FALSE,FALSE,Auto-recorded completion timestamp
TEC_M_Com,355,TEC,2,completion,metadata,Completion status (Male),完成狀態(男),1,,boolean,nominal,,,,0,FALSE,FALSE,Task completion marker
TEC_F_Q1,356,TEC,2,image-choice,emotion_recognition,Q1: Identify sad (Female),辨認難過,"1,2,3,4",2,categorical,nominal,,,,0,FALSE,TRUE,Basic emotion recognition - 難過
TEC_F_Q2,357,TEC,2,image-choice,emotion_recognition,Q2: Identify happy (Female),辨認開心,"1,2,3,4",1,categorical,nominal,,,,0,FALSE,TRUE,Basic emotion recognition - 開心
TEC_F_Q3,358,TEC,2,image-choice,emotion_recognition,Q3: Identify angry (Female),辨認生氣,"1,2,3,4",3,categorical,nominal,,,,0,FALSE,TRUE,Basic emotion recognition - 生氣
TEC_F_Q4,359,TEC,2,image-choice,emotion_recognition,Q4: Identify neutral (Female),辨認無表情,"1,2,3,4",4,categorical,nominal,,,,0,FALSE,TRUE,Basic emotion recognition - 無表情
TEC_F_Q5,360,TEC,2,image-choice,emotion_recognition,Q5: Identify scared (Female),辨認害怕,"1,2,3,4",4,categorical,nominal,,,,0,FALSE,TRUE,Basic emotion recognition - 害怕
TEC_F_Q6,361,TEC,2,image-choice,emotion_situation,Q6: Dead turtle - sad (Female),死烏龜情境,"1,2,3,4",2,categorical,nominal,,,,0,FALSE,TRUE,Situation-based emotion - 難過
TEC_F_Q7,362,TEC,2,image-choice,emotion_situation,Q7: Birthday gift - happy (Female),生日禮物情境,"1,2,3,4",1,categorical,nominal,,,,0,FALSE,TRUE,Situation-based emotion - 開心
TEC_F_Q8,363,TEC,2,image-choice,emotion_situation,Q8: Brother disturbs - angry (Female),被弟弟阻止畫畫,"1,2,3,4",3,categorical,nominal,,,,0,FALSE,TRUE,Situation-based emotion - 生氣
TEC_F_Q9,364,TEC,2,image-choice,emotion_situation,Q9: Waiting for bus - neutral (Female),等巴士情境,"1,2,3,4",4,categorical,nominal,,,,0,FALSE,TRUE,Situation-based emotion - 無表情
TEC_F_Q10,365,TEC,2,image-choice,emotion_situation,Q10: Monster chasing - scared (Female),怪物追趕情境,"1,2,3,4",4,categorical,nominal,,,,0,FALSE,TRUE,Situation-based emotion - 害怕
TEC_F_Q11,366,TEC,2,image-choice,emotion_desire,Q11: Coke lover sees coke (Female),喜歡可樂者見到可樂,"1,2,3,4",1,categorical,nominal,,,,0,FALSE,TRUE,Desire-based emotion - 開心
TEC_F_Q12,367,TEC,2,image-choice,emotion_desire,Q12: Coke hater sees coke (Female),不喜歡可樂者見到可樂,"1,2,3,4",2,categorical,nominal,,,,0,FALSE,TRUE,Desire-based emotion - 難過
TEC_F_Q13,368,TEC,2,image-choice,emotion_desire,Q13: Veggie hater sees veggie (Female),不喜歡蔬菜者見到蔬菜,"1,2,3,4",2,categorical,nominal,,,,0,FALSE,TRUE,Desire-based emotion - 難過
TEC_F_Q14,369,TEC,2,image-choice,emotion_desire,Q14: Veggie lover sees veggie (Female),喜歡蔬菜者見到蔬菜,"1,2,3,4",1,categorical,nominal,,,,0,FALSE,TRUE,Desire-based emotion - 開心
TEC_F_Q15,370,TEC,2,image-choice,emotion_belief,Q15: False belief emotion (Female),錯誤信念情緒,"1,2,3,4",1,categorical,nominal,,,,0,FALSE,TRUE,Belief-based emotion understanding
TEC_F_Q16a,371,TEC,2,image-choice,emotion_belief,Q16a: False belief emotion A (Female),錯誤信念情緒A,"1,2,3,4",1,categorical,nominal,,,,0,FALSE,TRUE,Belief-based emotion understanding
TEC_F_Q16b,372,TEC,2,image-choice,emotion_belief,Q16b: False belief emotion B (Female),錯誤信念情緒B,"1,2,3,4",2,categorical,nominal,,,,0,FALSE,TRUE,Belief-based emotion understanding
TEC_F_Q17,373,TEC,2,image-choice,emotion_regulation,Q17: Regulating sadness (Female),調節悲傷情緒,"1,2,3,4",4,categorical,nominal,,,,0,FALSE,TRUE,Emotion regulation strategy
TEC_F_Q18,374,TEC,2,image-choice,emotion_hiding,Q18: Hiding true feelings (Female),隱藏真實情緒,"1,2,3,4",1,categorical,nominal,,,,0,FALSE,TRUE,Hidden emotion understanding
TEC_F_Date,375,TEC,2,timestamp,metadata,Completion date (Female),完成日期(女),ISO8601 datetime,,datetime,,,,,0,FALSE,FALSE,Auto-recorded completion timestamp
TEC_F_Com,376,TEC,2,completion,metadata,Completion status (Female),完成狀態(女),1,,boolean,nominal,,,,0,FALSE,FALSE,Task completion marker
MPT_1_r_Q1,377,MPT,2,radio-largechar,repeating_pattern,S1Q1: Repeating pattern (7 6 7 8 5...),重複模式,"5,6,8,9",8,categorical,nominal,,none,,0,FALSE,TRUE,Find missing number in repeating sequence
MPT_1_r_Q2,378,MPT,2,radio-largechar,repeating_pattern,S1Q2: Repeating pattern (2 2 1 0...),重複模式,"0,1,2,3",0,categorical,nominal,,none,,0,FALSE,TRUE,Find missing number in repeating sequence
MPT_1_r_Q3,379,MPT,2,radio-largechar,repeating_pattern,S1Q3: Repeating pattern (4 7 5 4...),重複模式,"4,5,6,7",4,categorical,nominal,,none,,0,FALSE,TRUE,Find missing number in repeating sequence
MPT_1_r_Q4,380,MPT,2,radio-largechar,repeating_pattern,S1Q4: Repeating pattern (8 6 8 5 7...),重複模式,"5,6,7,9",5,categorical,nominal,,none,,0,FALSE,TRUE,Find missing number in repeating sequence
MPT_1_r_Q5,381,MPT,2,radio-largechar,repeating_pattern,S1Q5: Repeating pattern (8 6 2 4 2...),重複模式,"3,4,6,8",4,categorical,nominal,,none,,0,FALSE,TRUE,Find missing number in repeating sequence
MPT_1_r_Q6,382,MPT,2,radio-largechar,repeating_pattern,S1Q6: Repeating pattern (3 5 3 9 3...),重複模式,"3,4,5,9",9,categorical,nominal,,none,,0,FALSE,TRUE,Find missing number in repeating sequence
MPT_2_gr_Q1,383,MPT,2,radio_text,growing_pattern,S2Q1: Missing number (2 3 4 5 ? 7),遞增模式,"Y,N",Y,categorical,nominal,,none,,0,FALSE,TRUE,Ascending sequence - answer recorded in TEXT field
MPT_2_gr_Q1_TEXT,384,MPT,2,text-display,text_response,S2Q1: Student answer,學生答案,free text,,text,,,,,0,FALSE,FALSE,Records student verbal answer (expected: 6)
MPT_2_gr_Q2,385,MPT,2,radio_text,growing_pattern,S2Q2: Missing number (13 14 15 ? 17),遞增模式,"Y,N",Y,categorical,nominal,,none,,0,FALSE,TRUE,Ascending sequence
MPT_2_gr_Q2_TEXT,386,MPT,2,text-display,text_response,S2Q2: Student answer,學生答案,free text,,text,,,,,0,FALSE,FALSE,Records student verbal answer (expected: 16)
MPT_2_gr_Q3,387,MPT,2,radio_text,growing_pattern,S2Q3: Missing number (9 8 ? 6 5 4),遞減模式,"Y,N",Y,categorical,nominal,,none,,0,FALSE,TRUE,Descending sequence
MPT_2_gr_Q3_TEXT,388,MPT,2,text-display,text_response,S2Q3: Student answer,學生答案,free text,,text,,,,,0,FALSE,FALSE,Records student verbal answer (expected: 7)
MPT_2_gr_Q4,389,MPT,2,radio_text,growing_pattern,S2Q4: Missing number (13 12 11 ? 9),遞減模式,"Y,N",Y,categorical,nominal,,none,,0,FALSE,TRUE,Descending sequence
MPT_2_gr_Q4_TEXT,390,MPT,2,text-display,text_response,S2Q4: Student answer,學生答案,free text,,text,,,,,0,FALSE,FALSE,Records student verbal answer (expected: 10)
MPT_2_gr_Q5,391,MPT,2,radio_text,growing_pattern,S2Q5: Missing number (18 17 ? 15 14 13),遞減模式,"Y,N",Y,categorical,nominal,,none,,0,FALSE,TRUE,Descending sequence
MPT_2_gr_Q5_TEXT,392,MPT,2,text-display,text_response,S2Q5: Student answer,學生答案,free text,,text,,,,,0,FALSE,FALSE,Records student verbal answer (expected: 16)
MPT_2_gr_Q6,393,MPT,2,radio_text,growing_pattern,S2Q6: Missing number (15 14 ? 12 11 10),遞減模式,"Y,N",Y,categorical,nominal,,none,,0,FALSE,TRUE,Descending sequence
MPT_2_gr_Q6_TEXT,394,MPT,2,text-display,text_response,S2Q6: Student answer,學生答案,free text,,text,,,,,0,FALSE,FALSE,Records student verbal answer (expected: 13)
MPT_3_m_P1,395,MPT,2,radio,machine_practice,S3P1: Candy machine practice,糖果機練習,"A,B,C,D",C,categorical,nominal,,none,,0,TRUE,FALSE,Practice item for candy machine section
MPT_3_m_Q1,396,MPT,2,radio,machine_pattern,S3Q1: Candy machine transform,糖果機變形,"A,B,C,D",D,categorical,nominal,,none,,0,FALSE,TRUE,Shape transformation pattern
MPT_3_m_Q2,397,MPT,2,radio,machine_pattern,S3Q2: Candy machine transform,糖果機變形,"A,B,C,D",A,categorical,nominal,,none,,0,FALSE,TRUE,Shape transformation pattern
MPT_3_m_Q3,398,MPT,2,radio,machine_pattern,S3Q3: Candy machine transform,糖果機變形,"A,B,C,D",C,categorical,nominal,,none,,0,FALSE,TRUE,Shape transformation pattern
MPT_3_m_Q4,399,MPT,2,radio,machine_pattern,S3Q4: Candy machine transform,糖果機變形,"A,B,C,D",B,categorical,nominal,,none,,0,FALSE,TRUE,Shape transformation pattern
MPT_3_m_Q5,400,MPT,2,radio,machine_pattern,S3Q5: Candy machine transform,糖果機變形,"A,B,C,D",D,categorical,nominal,,none,,0,FALSE,TRUE,Shape transformation pattern
MPT_3_m_Q6,401,MPT,2,radio,machine_pattern,S3Q6: Candy machine transform,糖果機變形,"A,B,C,D",B,categorical,nominal,,none,,0,FALSE,TRUE,Shape transformation pattern
MPT_4_ge_Q1,402,MPT,2,radio,geometric_pattern,S4Q1: Geometric pattern,幾何模式,"A,B,C,D",A,categorical,nominal,,none,,0,FALSE,TRUE,Geometric shape sequence
MPT_4_ge_Q2,403,MPT,2,radio,geometric_pattern,S4Q2: Geometric pattern,幾何模式,"A,B,C,D",B,categorical,nominal,,none,,0,FALSE,TRUE,Geometric shape sequence
MPT_4_ge_Q3,404,MPT,2,radio,geometric_pattern,S4Q3: Geometric pattern,幾何模式,"A,B,C,D",A,categorical,nominal,,none,,0,FALSE,TRUE,Geometric shape sequence
MPT_4_ge_Q4,405,MPT,2,radio,geometric_pattern,S4Q4: Geometric pattern,幾何模式,"A,B,C,D",A,categorical,nominal,,none,,0,FALSE,TRUE,Geometric shape sequence
MPT_4_ge_Q5,406,MPT,2,radio,geometric_pattern,S4Q5: Geometric pattern,幾何模式,"A,B,C,D",C,categorical,nominal,,none,,0,FALSE,TRUE,Geometric shape sequence
MPT_4_ge_Q6,407,MPT,2,radio,geometric_pattern,S4Q6: Geometric pattern,幾何模式,"A,B,C,D",D,categorical,nominal,,none,,0,FALSE,TRUE,Geometric shape sequence
MPT_Date,408,MPT,2,timestamp,metadata,Completion date,完成日期,ISO8601 datetime,,datetime,,,,,0,FALSE,FALSE,Auto-recorded completion timestamp
MPT_Com,409,MPT,2,completion,metadata,Completion status,完成狀態,1,,boolean,nominal,,,,0,FALSE,FALSE,Task completion marker
MPT_Score,410,MPT,2,score,score,Total score,總分,"0-24",,numeric,ratio,,,,0,FALSE,FALSE,Sum of all correct answers (24 scored items)
CCM_Q1,411,CCM,2,radio-largechar,character_matching,Q1: Find 傘 in 降落傘,搵「傘」字,"1,2,3",3,categorical,nominal,,,,0,FALSE,TRUE,Options: 卬(1) 埒(2) 氝(3) - correct=3
CCM_Q2,412,CCM,2,radio-largechar,character_matching,Q2: Find 李 in 行李箱,搵「李」字,"1,2,3",2,categorical,nominal,,,,0,FALSE,TRUE,Options: 婇(1) 柟(2) 灝(3) - correct=2
CCM_Q3,413,CCM,2,radio-largechar,character_matching,Q3: Find 温 in 保温杯,搵「温」字,"1,2,3",2,categorical,nominal,,,,0,FALSE,TRUE,Options: 朼(1) 胗(2) 忷(3) - correct=2
CCM_Q4,414,CCM,2,radio-largechar,character_matching,Q4: Find 包 in 漢堡包,搵「包」字,"1,2,3",3,categorical,nominal,,,,0,FALSE,TRUE,Options: 痻(1) 溾(2) 圪(3) - correct=3
CCM_Q5,415,CCM,2,radio-largechar,character_matching,Q5: Find 原 in 原子筆,搵「原」字,"1,2,3",1,categorical,nominal,,,,0,FALSE,TRUE,Options: 尌(1) 婒(2) 哱(3) - correct=1
CCM_Q6,416,CCM,2,radio-largechar,character_matching,Q6: Find 機 in 遊戲機,搵「機」字,"1,2,3",3,categorical,nominal,,,,0,FALSE,TRUE,Options: 祅(1) 杋(2) 稗(3) - correct=3
CCM_Q7,417,CCM,2,radio-largechar,character_matching,Q7: Find 斑 in 斑馬線,搵「斑」字,"1,2,3",1,categorical,nominal,,,,0,FALSE,TRUE,Options: 僛(1) 醍(2) 仉(3) - correct=1
CCM_Q8,418,CCM,2,radio-largechar,character_matching,Q8: Find 交 in 交通燈,搵「交」字,"1,2,3",1,categorical,nominal,,,,0,FALSE,TRUE,Options: 乇(1) 嶈(2) 丮(3) - correct=1
CCM_Date,419,CCM,2,timestamp,metadata,Completion date,完成日期,ISO8601 datetime,,datetime,,,,,0,FALSE,FALSE,Auto-recorded completion timestamp
CCM_Com,420,CCM,2,completion,metadata,Completion status,完成狀態,1,,boolean,nominal,,,,0,FALSE,FALSE,Task completion marker
HTKS_Q1,421,HTKS,3,radio,part1_head_toe,P1Q1: Touch head → toe,摸頭(答腳趾),"0,1,2",,ordinal,ordinal,,none,,0,FALSE,TRUE,0=incorrect 1=correct with self-correction 2=correct without correction
HTKS_Q2,422,HTKS,3,radio,part1_head_toe,P1Q2: Touch toe → head,摸腳趾(答頭),"0,1,2",,ordinal,ordinal,,none,,0,FALSE,TRUE,0=incorrect 1=correct with self-correction 2=correct without correction
HTKS_Q3,423,HTKS,3,radio,part1_head_toe,P1Q3: Touch head → toe,摸頭(答腳趾),"0,1,2",,ordinal,ordinal,,none,,0,FALSE,TRUE,0=incorrect 1=correct with self-correction 2=correct without correction
HTKS_Q4,424,HTKS,3,radio,part1_head_toe,P1Q4: Touch toe → head,摸腳趾(答頭),"0,1,2",,ordinal,ordinal,,none,,0,FALSE,TRUE,0=incorrect 1=correct with self-correction 2=correct without correction
HTKS_Q5,425,HTKS,3,radio,part1_head_toe,P1Q5: Touch head → toe,摸頭(答腳趾),"0,1,2",,ordinal,ordinal,,none,,0,FALSE,TRUE,0=incorrect 1=correct with self-correction 2=correct without correction
HTKS_Q6,426,HTKS,3,radio,part2_shoulder_knee,P2Q6: Touch head → toe,摸頭(答腳趾),"0,1,2",,ordinal,ordinal,,none,,0,FALSE,TRUE,0=incorrect 1=correct with self-correction 2=correct without correction
HTKS_Q7,427,HTKS,3,radio,part2_shoulder_knee,P2Q7: Touch shoulder → knee,摸膊頭(答膝頭哥),"0,1,2",,ordinal,ordinal,,none,,0,FALSE,TRUE,0=incorrect 1=correct with self-correction 2=correct without correction
HTKS_Q8,428,HTKS,3,radio,part2_shoulder_knee,P2Q8: Touch knee → shoulder,摸膝頭哥(答膊頭),"0,1,2",,ordinal,ordinal,,none,,0,FALSE,TRUE,0=incorrect 1=correct with self-correction 2=correct without correction
HTKS_Q9,429,HTKS,3,radio,part2_shoulder_knee,P2Q9: Touch toe → head,摸腳趾(答頭),"0,1,2",,ordinal,ordinal,,none,,0,FALSE,TRUE,0=incorrect 1=correct with self-correction 2=correct without correction
HTKS_Q10,430,HTKS,3,radio,part2_shoulder_knee,P2Q10: Touch shoulder → knee,摸膊頭(答膝頭哥),"0,1,2",,ordinal,ordinal,,none,,0,FALSE,TRUE,0=incorrect 1=correct with self-correction 2=correct without correction
HTKS_Q11,431,HTKS,3,radio,part3_teacher_says,P3Q11: Touch knee (no teacher says),摸膝頭哥(無老師話),"0,1,2",,ordinal,ordinal,,none,,0,FALSE,TRUE,Correct=no movement. 0=incorrect 1=correct with self-correction 2=correct
HTKS_Q12,432,HTKS,3,radio,part3_teacher_says,P3Q12: Teacher says touch head → toe,老師話摸頭(答腳趾),"0,1,2",,ordinal,ordinal,,none,,0,FALSE,TRUE,0=incorrect 1=correct with self-correction 2=correct without correction
HTKS_Q13,433,HTKS,3,radio,part3_teacher_says,P3Q13: Touch knee (no teacher says),摸膝頭哥(無老師話),"0,1,2",,ordinal,ordinal,,none,,0,FALSE,TRUE,Correct=no movement. 0=incorrect 1=correct with self-correction 2=correct
HTKS_Q14,434,HTKS,3,radio,part3_teacher_says,P3Q14: Teacher says touch shoulder → knee,老師話摸膊頭(答膝頭哥),"0,1,2",,ordinal,ordinal,,none,,0,FALSE,TRUE,0=incorrect 1=correct with self-correction 2=correct without correction
HTKS_Q15,435,HTKS,3,radio,part3_teacher_says,P3Q15: Touch toe (no teacher says),摸腳趾(無老師話),"0,1,2",,ordinal,ordinal,,none,,0,FALSE,TRUE,Correct=no movement. 0=incorrect 1=correct with self-correction 2=correct
HTKS_Q16,436,HTKS,3,radio,part3_teacher_says,P3Q16: Teacher says touch knee → shoulder,老師話摸膝頭哥(答膊頭),"0,1,2",,ordinal,ordinal,,none,,0,FALSE,TRUE,0=incorrect 1=correct with self-correction 2=correct without correction
HTKS_Memo_TEXT,437,HTKS,3,text,text_response,Memo (special notes),備注,free text,,text,,,,,0,FALSE,FALSE,Special situation notes
HTKS_Date,438,HTKS,3,timestamp,metadata,Completion date,完成日期,ISO8601 datetime,,datetime,,,,,0,FALSE,FALSE,Auto-recorded completion timestamp
HTKS_Com,439,HTKS,3,completion,metadata,Completion status,完成狀態,1,,boolean,nominal,,,,0,FALSE,FALSE,Task completion marker
HTKS_Score,440,HTKS,3,score,score,Total score,總分,"0-32",,numeric,ratio,,,,0,FALSE,FALSE,Sum of all questions (16 items × max 2 points)
HTKS_1_Ter,441,HTKS,3,termination_flag,termination,Part 1 termination,第一部分終止,"0,1",,boolean,nominal,,,,0,FALSE,FALSE,Termination flag for Part 1
EPN_Q1,442,EPN,3,radio,picture_naming,Q1: Name picture (sun),圖片命名(sun),"Y,N",Y,categorical,nominal,,none,,0,FALSE,TRUE,English picture naming - sun
EPN_Q2,443,EPN,3,radio,picture_naming,Q2: Name picture (boy),圖片命名(boy),"Y,N",Y,categorical,nominal,,none,,0,FALSE,TRUE,English picture naming - boy
EPN_Q3,444,EPN,3,radio,picture_naming,Q3: Name picture (fish),圖片命名(fish),"Y,N",Y,categorical,nominal,,none,,0,FALSE,TRUE,English picture naming - fish
EPN_Q4,445,EPN,3,radio,picture_naming,Q4: Name picture (chair),圖片命名(chair),"Y,N",Y,categorical,nominal,,none,,0,FALSE,TRUE,English picture naming - chair
EPN_Q5,446,EPN,3,radio,picture_naming,Q5: Name picture (pig),圖片命名(pig),"Y,N",Y,categorical,nominal,,none,,0,FALSE,TRUE,English picture naming - pig
EPN_Q6,447,EPN,3,radio,picture_naming,Q6: Name picture (bed),圖片命名(bed),"Y,N",Y,categorical,nominal,,none,,0,FALSE,TRUE,English picture naming - bed
EPN_Q7,448,EPN,3,radio,picture_naming,Q7: Name picture (frog),圖片命名(frog),"Y,N",Y,categorical,nominal,,none,,0,FALSE,TRUE,English picture naming - frog
EPN_Q8,449,EPN,3,radio,picture_naming,Q8: Name picture (star),圖片命名(star),"Y,N",Y,categorical,nominal,,none,,0,FALSE,TRUE,English picture naming - star
EPN_Date,450,EPN,3,timestamp,metadata,Completion date,完成日期,ISO8601 datetime,,datetime,,,,,0,FALSE,FALSE,Auto-recorded completion timestamp
EPN_Com,451,EPN,3,completion,metadata,Completion status,完成狀態,1,,boolean,nominal,,,,0,FALSE,FALSE,Task completion marker
CM_P1,332,CM,3,radio,practice,Practice 1: 紅紙,練習1：紅紙,"Y,N",Y,categorical,nominal,,,,0,TRUE,FALSE,Practice item - red paper
CM_P1_TEXT,333,CM,3,text,text_response,Practice 1 text response,練習1文字回應,free text,,text,nominal,,,,0,FALSE,FALSE,Child's verbal response
CM_P2,334,CM,3,radio,practice,Practice 2: 藍綠燈,練習2：藍綠燈,"Y,N",Y,categorical,nominal,,,,0,TRUE,FALSE,Practice item - blue-green light
CM_P2_TEXT,335,CM,3,text,text_response,Practice 2 text response,練習2文字回應,free text,,text,nominal,,,,0,FALSE,FALSE,Child's verbal response
CM_Q1,456,CM,3,radio,morphology,Q1: 腳鏈,腳鏈,"Y,N",Y,categorical,nominal,1,stage,CM_Ter1,4,FALSE,TRUE,Stage 1 - bracelet→anklet analogy
CM_Q1_TEXT,457,CM,3,text,text_response,Q1 text response,Q1文字回應,free text,,text,nominal,,,,0,FALSE,FALSE,Child's verbal response
CM_Q2,458,CM,3,radio,morphology,Q2: 腳槍,腳槍,"Y,N",Y,categorical,nominal,1,stage,CM_Ter1,4,FALSE,TRUE,Stage 1 - hand gun→foot gun
CM_Q2_TEXT,459,CM,3,text,text_response,Q2 text response,Q2文字回應,free text,,text,nominal,,,,0,FALSE,FALSE,Child's verbal response
CM_Q3,460,CM,3,radio,morphology,Q3: 冬菇油,冬菇油,"Y,N",Y,categorical,nominal,1,stage,CM_Ter1,4,FALSE,TRUE,Stage 1 - peanut oil→mushroom oil
CM_Q3_TEXT,461,CM,3,text,text_response,Q3 text response,Q3文字回應,free text,,text,nominal,,,,0,FALSE,FALSE,Child's verbal response
CM_Q4,462,CM,3,radio,morphology,Q4: 螞蟻網,螞蟻網,"Y,N",Y,categorical,nominal,1,stage,CM_Ter1,4,FALSE,TRUE,Stage 1 - spider web→ant web
CM_Q4_TEXT,463,CM,3,text,text_response,Q4 text response,Q4文字回應,free text,,text,nominal,,,,0,FALSE,FALSE,Child's verbal response
CM_Q5,464,CM,3,radio,morphology,Q5: 臭蕉,臭蕉,"Y,N",Y,categorical,nominal,1,stage,CM_Ter1,4,FALSE,TRUE,Stage 1 - fragrant banana→stinky banana
CM_Q5_TEXT,465,CM,3,text,text_response,Q5 text response,Q5文字回應,free text,,text,nominal,,,,0,FALSE,FALSE,Child's verbal response
CM_Q6,466,CM,3,radio,morphology,Q6: 凍水爐,凍水爐,"Y,N",Y,categorical,nominal,1,stage,CM_Ter1,4,FALSE,TRUE,Stage 1 - water heater→water cooler
CM_Q6_TEXT,467,CM,3,text,text_response,Q6 text response,Q6文字回應,free text,,text,nominal,,,,0,FALSE,FALSE,Child's verbal response
CM_Q7,468,CM,3,radio,morphology,Q7: 羊油,羊油,"Y,N",Y,categorical,nominal,1,stage,CM_Ter1,4,FALSE,TRUE,Stage 1 - butter→sheep butter
CM_Q7_TEXT,469,CM,3,text,text_response,Q7 text response,Q7文字回應,free text,,text,nominal,,,,0,FALSE,FALSE,Child's verbal response
CM_Ter1,470,CM,3,calculated,termination,Stage 1 termination flag,第一階段終止標誌,"0,1",,boolean,nominal,1,stage,,4,FALSE,FALSE,0=continued (≥4 correct) 1=terminated (<4 correct)
CM_Q8,471,CM,3,radio,morphology,Q8: 大紫花,大紫花,"Y,N",Y,categorical,nominal,2,stage,CM_Ter2,4,FALSE,TRUE,Stage 2 - big red flower→big purple flower
CM_Q8_TEXT,472,CM,3,text,text_response,Q8 text response,Q8文字回應,free text,,text,nominal,,,,0,FALSE,FALSE,Child's verbal response
CM_Q9,473,CM,3,radio,morphology,Q9: 雪遮,雪遮,"Y,N",Y,categorical,nominal,2,stage,CM_Ter2,4,FALSE,TRUE,Stage 2 - rain umbrella→snow umbrella
CM_Q9_TEXT,474,CM,3,text,text_response,Q9 text response,Q9文字回應,free text,,text,nominal,,,,0,FALSE,FALSE,Child's verbal response
CM_Q10,475,CM,3,radio,morphology,Q10: 短頸鹿,短頸鹿,"Y,N",Y,categorical,nominal,2,stage,CM_Ter2,4,FALSE,TRUE,Stage 2 - giraffe→short-neck deer
CM_Q10_TEXT,476,CM,3,text,text_response,Q10 text response,Q10文字回應,free text,,text,nominal,,,,0,FALSE,FALSE,Child's verbal response
CM_Q11,477,CM,3,radio,morphology,Q11: 鐵袋,鐵袋,"Y,N",Y,categorical,nominal,2,stage,CM_Ter2,4,FALSE,TRUE,Stage 2 - plastic bag→iron bag
CM_Q11_TEXT,478,CM,3,text,text_response,Q11 text response,Q11文字回應,free text,,text,nominal,,,,0,FALSE,FALSE,Child's verbal response
CM_Q12,479,CM,3,radio,morphology,Q12: 門簾,門簾,"Y,N",Y,categorical,nominal,2,stage,CM_Ter2,4,FALSE,TRUE,Stage 2 - window curtain→door curtain
CM_Q12_TEXT,480,CM,3,text,text_response,Q12 text response,Q12文字回應,free text,,text,nominal,,,,0,FALSE,FALSE,Child's verbal response
CM_Ter2,481,CM,3,calculated,termination,Stage 2 termination flag,第二階段終止標誌,"0,1",,boolean,nominal,2,stage,,4,FALSE,FALSE,0=continued (≥4 correct) 1=terminated (<4 correct)
CM_Q13,482,CM,3,radio,morphology,Q13: 洗鞋機,洗鞋機,"Y,N",Y,categorical,nominal,3,stage,CM_Ter3,4,FALSE,TRUE,Stage 3 - washing machine→shoe washer
CM_Q13_TEXT,483,CM,3,text,text_response,Q13 text response,Q13文字回應,free text,,text,nominal,,,,0,FALSE,FALSE,Child's verbal response
CM_Q14,484,CM,3,radio,morphology,Q14: 水龍捲,水龍捲,"Y,N",Y,categorical,nominal,3,stage,CM_Ter3,4,FALSE,TRUE,Stage 3 - land tornado→waterspout
CM_Q14_TEXT,485,CM,3,text,text_response,Q14 text response,Q14文字回應,free text,,text,nominal,,,,0,FALSE,FALSE,Child's verbal response
CM_Q15,486,CM,3,radio,morphology,Q15: 地上鐵,地上鐵,"Y,N",Y,categorical,nominal,3,stage,CM_Ter3,4,FALSE,TRUE,Stage 3 - underground→aboveground railway
CM_Q15_TEXT,487,CM,3,text,text_response,Q15 text response,Q15文字回應,free text,,text,nominal,,,,0,FALSE,FALSE,Child's verbal response
CM_Q16,488,CM,3,radio,morphology,Q16: 鼻水肩,鼻水肩,"Y,N",Y,categorical,nominal,3,stage,CM_Ter3,4,FALSE,TRUE,Stage 3 - drool bib→runny nose bib
CM_Q16_TEXT,489,CM,3,text,text_response,Q16 text response,Q16文字回應,free text,,text,nominal,,,,0,FALSE,FALSE,Child's verbal response
CM_Q17,490,CM,3,radio,morphology,Q17: 奶包,奶包,"Y,N",Y,categorical,nominal,3,stage,CM_Ter3,4,FALSE,TRUE,Stage 3 - flour bread→milk bread
CM_Q17_TEXT,491,CM,3,text,text_response,Q17 text response,Q17文字回應,free text,,text,nominal,,,,0,FALSE,FALSE,Child's verbal response
CM_Ter3,492,CM,3,calculated,termination,Stage 3 termination flag,第三階段終止標誌,"0,1",,boolean,nominal,3,stage,,4,FALSE,FALSE,0=continued (≥4 correct) 1=terminated (<4 correct)
CM_Q18,493,CM,3,radio,morphology,Q18: 蕃茄糊,蕃茄糊,"Y,N",Y,categorical,nominal,4,stage,CM_Ter4,4,FALSE,TRUE,Stage 4 - sesame paste→tomato paste
CM_Q18_TEXT,494,CM,3,text,text_response,Q18 text response,Q18文字回應,free text,,text,nominal,,,,0,FALSE,FALSE,Child's verbal response
CM_Q19,495,CM,3,radio,morphology,Q19: 月出,月出,"Y,N",Y,categorical,nominal,4,stage,CM_Ter4,4,FALSE,TRUE,Stage 4 - sunrise→moonrise
CM_Q19_TEXT,496,CM,3,text,text_response,Q19 text response,Q19文字回應,free text,,text,nominal,,,,0,FALSE,FALSE,Child's verbal response
CM_Q20,497,CM,3,radio,morphology,Q20: 矮樓大廈,矮樓大廈,"Y,N",Y,categorical,nominal,4,stage,CM_Ter4,4,FALSE,TRUE,Stage 4 - skyscraper→short building
CM_Q20_TEXT,498,CM,3,text,text_response,Q20 text response,Q20文字回應,free text,,text,nominal,,,,0,FALSE,FALSE,Child's verbal response
CM_Q21,499,CM,3,radio,morphology,Q21: 跨江大橋,跨江大橋,"Y,N",Y,categorical,nominal,4,stage,CM_Ter4,4,FALSE,TRUE,Stage 4 - cross-sea bridge→cross-river bridge
CM_Q21_TEXT,500,CM,3,text,text_response,Q21 text response,Q21文字回應,free text,,text,nominal,,,,0,FALSE,FALSE,Child's verbal response
CM_Q22,501,CM,3,radio,morphology,Q22: 市慶,市慶,"Y,N",Y,categorical,nominal,4,stage,CM_Ter4,4,FALSE,TRUE,Stage 4 - national day→city day
CM_Q22_TEXT,502,CM,3,text,text_response,Q22 text response,Q22文字回應,free text,,text,nominal,,,,0,FALSE,FALSE,Child's verbal response
CM_Ter4,503,CM,3,calculated,termination,Stage 4 termination flag,第四階段終止標誌,"0,1",,boolean,nominal,4,stage,,4,FALSE,FALSE,0=continued (≥4 correct) 1=terminated (<4 correct)
CM_S5,504,CM,3,calculated,score,Stage 5 score (admin),第五階段分數,0-5,,numeric,ratio,5,,,0,FALSE,FALSE,Administrative score field for stage 5
CM_Q23,505,CM,3,radio,morphology,Q23: 日景,日景,"Y,N",Y,categorical,nominal,5,,,,FALSE,TRUE,Stage 5 - nightscape→dayscape (no termination)
CM_Q23_TEXT,506,CM,3,text,text_response,Q23 text response,Q23文字回應,free text,,text,nominal,,,,0,FALSE,FALSE,Child's verbal response
CM_Q24,507,CM,3,radio,morphology,Q24: 上鄰下里,上鄰下里,"Y,N",Y,categorical,nominal,5,,,,FALSE,TRUE,Stage 5 - left-right neighbors→up-down neighbors
CM_Q24_TEXT,508,CM,3,text,text_response,Q24 text response,Q24文字回應,free text,,text,nominal,,,,0,FALSE,FALSE,Child's verbal response
CM_Q25,509,CM,3,radio,morphology,Q25: 車來車往,車來車往,"Y,N",Y,categorical,nominal,5,,,,FALSE,TRUE,Stage 5 - people coming and going→cars coming and going
CM_Q25_TEXT,510,CM,3,text,text_response,Q25 text response,Q25文字回應,free text,,text,nominal,,,,0,FALSE,FALSE,Child's verbal response
CM_Q26,511,CM,3,radio,morphology,Q26: 上張下望,上張下望,"Y,N",Y,categorical,nominal,5,,,,FALSE,TRUE,Stage 5 - looking east-west→looking up-down
CM_Q26_TEXT,512,CM,3,text,text_response,Q26 text response,Q26文字回應,free text,,text,nominal,,,,0,FALSE,FALSE,Child's verbal response
CM_Q27,513,CM,3,radio,morphology,Q27: 春秋相對,春秋相對,"Y,N",Y,categorical,nominal,5,,,,FALSE,TRUE,Stage 5 - morning-evening together→spring-autumn together
CM_Q27_TEXT,514,CM,3,text,text_response,Q27 text response,Q27文字回應,free text,,text,nominal,,,,0,FALSE,FALSE,Child's verbal response
CM_Date,515,CM,3,timestamp,metadata,Completion date,完成日期,ISO8601 datetime,,datetime,,,,,0,FALSE,FALSE,Auto-recorded completion timestamp
CM_Com,516,CM,3,completion,metadata,Completion status,完成狀態,1,,boolean,nominal,,,,0,FALSE,FALSE,Task completion marker
CM_K3_Score,517,CM,3,calculated,score,K3 total score,K3總分,0-27,,numeric,ratio,,,,0,FALSE,FALSE,Total score for K3 students
CM_P2_Score,518,CM,3,calculated,score,Stage 2 score,第二階段分數,0-5,,numeric,ratio,,,,0,FALSE,FALSE,Score for stage 2 questions
CM_P3_Score,519,CM,3,calculated,score,Stage 3 score,第三階段分數,0-5,,numeric,ratio,,,,0,FALSE,FALSE,Score for stage 3 questions
CM_P4_Score,520,CM,3,calculated,score,Stage 4 score,第四階段分數,0-5,,numeric,ratio,,,,0,FALSE,FALSE,Score for stage 4 questions
CM_P5_Score,521,CM,3,calculated,score,Stage 5 score,第五階段分數,0-5,,numeric,ratio,,,,0,FALSE,FALSE,Score for stage 5 questions
FM_Hand,522,FM,4,radio,handedness,Dominant hand,慣用手,"Left,Right,Undetermined",,categorical,nominal,,none,,0,FALSE,FALSE,Left=左手 Right=右手 Undetermined=未形成
FM_side_1,523,FM,4,radio,cutting_first_edge,First edge 10-49% within 1cm,第一條邊10-49%,"0,1",,ordinal,ordinal,,none,,0,FALSE,TRUE,0=不成功 1=成功 (cutting first edge accuracy)
FM_side_2,524,FM,4,radio,cutting_first_edge,First edge 50-89% within 1cm,第一條邊50-89%,"0,1",,ordinal,ordinal,,none,,0,FALSE,TRUE,0=不成功 1=成功 (cutting first edge accuracy)
FM_side_3,525,FM,4,radio,cutting_first_edge,First edge 90-100% within 1cm,第一條邊90-100%,"0,1",,ordinal,ordinal,,none,,0,FALSE,TRUE,0=不成功 1=成功 (cutting first edge accuracy)
FM_squ_1,526,FM,4,radio,cutting_square,Square 10-49% within 1cm,正方形10-49%,"0,1",,ordinal,ordinal,,none,,0,FALSE,TRUE,0=不成功 1=成功 (square cutting accuracy)
FM_squ_2,527,FM,4,radio,cutting_square,Square 50-89% within 1cm,正方形50-89%,"0,1",,ordinal,ordinal,,none,,0,FALSE,TRUE,0=不成功 1=成功 (square cutting accuracy)
FM_squ_3,528,FM,4,radio,cutting_square,Square 90-100% within 1cm,正方形90-100%,"0,1",,ordinal,ordinal,,none,,0,FALSE,TRUE,0=不成功 1=成功 (square cutting accuracy)
FM_tree_1,530,FM,4,radio,cutting_tree,Tree 10-49% within 1cm,樹形10-49%,"0,1",,ordinal,ordinal,,none,,0,FALSE,TRUE,0=不成功 1=成功 (tree cutting accuracy)
FM_tree_2,531,FM,4,radio,cutting_tree,Tree 50-89% within 1cm,樹形50-89%,"0,1",,ordinal,ordinal,,none,,0,FALSE,TRUE,0=不成功 1=成功 (tree cutting accuracy)
FM_tree_3,532,FM,4,radio,cutting_tree,Tree 90-100% within 1cm,樹形90-100%,"0,1",,ordinal,ordinal,,none,,0,FALSE,TRUE,0=不成功 1=成功 (tree cutting accuracy)
FM_Date,533,FM,4,timestamp,metadata,Completion date,完成日期,ISO8601 datetime,,datetime,,,,,0,FALSE,FALSE,Auto-recorded completion timestamp
FM_Com,534,FM,4,completion,metadata,Completion status,完成狀態,1,,boolean,nominal,,,,0,FALSE,FALSE,Task completion marker
FM_1_Score,535,FM,4,score,score,Square score,正方形得分,"0-6",,numeric,ratio,,,,0,FALSE,FALSE,Sum of side_1-3 + squ_1-3
FM_2_Score,536,FM,4,score,score,Tree score,樹形得分,"0-3",,numeric,ratio,,,,0,FALSE,FALSE,Sum of tree_1-3 (only if square score >0)
FM_Ter,606,FM,4,termination_flag,termination,Termination flag,終止標記,"0,1",,boolean,nominal,,,,0,FALSE,FALSE,1=terminated if square score=0
TGMD_Hand,537,TGMD,4,radio,handedness,Dominant hand,慣用手,"Left,Right,Undetermined",,categorical,nominal,,none,,0,FALSE,FALSE,Left=左手 Right=右手 Undetermined=未形成
TGMD_Leg,538,TGMD,4,radio,footedness,Dominant foot,慣用腳,"Left,Right,Undetermined",,categorical,nominal,,none,,0,FALSE,FALSE,Left=左腳 Right=右腳 Undetermined=未形成
TGMD_111_Hop_t1,539,TGMD,4,matrix-radio,hop,Hop criterion 1 trial 1,單腳跳標準1第1次,"0,1",,ordinal,ordinal,,none,,0,FALSE,TRUE,離地腳有自然彎曲並向前擺動以提供動力
TGMD_112_Hop_t1,540,TGMD,4,matrix-radio,hop,Hop criterion 2 trial 1,單腳跳標準2第1次,"0,1",,ordinal,ordinal,,none,,0,FALSE,TRUE,離地腳的鞋沒有越過慣用腳
TGMD_113_Hop_t1,541,TGMD,4,matrix-radio,hop,Hop criterion 3 trial 1,單腳跳標準3第1次,"0,1",,ordinal,ordinal,,none,,0,FALSE,TRUE,雙臂彎曲向前擺動產生動力
TGMD_114_Hop_t1,542,TGMD,4,matrix-radio,hop,Hop criterion 4 trial 1,單腳跳標準4第1次,"0,1",,ordinal,ordinal,,none,,0,FALSE,TRUE,慣用的腳完成4次連續單腳跳
TGMD_111_Hop_t2,543,TGMD,4,matrix-radio,hop,Hop criterion 1 trial 2,單腳跳標準1第2次,"0,1",,ordinal,ordinal,,none,,0,FALSE,TRUE,離地腳有自然彎曲並向前擺動以提供動力
TGMD_112_Hop_t2,544,TGMD,4,matrix-radio,hop,Hop criterion 2 trial 2,單腳跳標準2第2次,"0,1",,ordinal,ordinal,,none,,0,FALSE,TRUE,離地腳的鞋沒有越過慣用腳
TGMD_113_Hop_t2,545,TGMD,4,matrix-radio,hop,Hop criterion 3 trial 2,單腳跳標準3第2次,"0,1",,ordinal,ordinal,,none,,0,FALSE,TRUE,雙臂彎曲向前擺動產生動力
TGMD_114_Hop_t2,546,TGMD,4,matrix-radio,hop,Hop criterion 4 trial 2,單腳跳標準4第2次,"0,1",,ordinal,ordinal,,none,,0,FALSE,TRUE,慣用的腳完成4次連續單腳跳
TGMD_211_Jum_t1,547,TGMD,4,matrix-radio,long_jump,Jump criterion 1 trial 1,立定跳遠標準1第1次,"0,1",,ordinal,ordinal,,none,,0,FALSE,TRUE,準備起跳前雙膝彎曲雙臂在身體後面
TGMD_212_Jum_t1,548,TGMD,4,matrix-radio,long_jump,Jump criterion 2 trial 1,立定跳遠標準2第1次,"0,1",,ordinal,ordinal,,none,,0,FALSE,TRUE,踺地起跳時雙臂有力向前上方擺動高於頭頂
TGMD_213_Jum_t1,549,TGMD,4,matrix-radio,long_jump,Jump criterion 3 trial 1,立定跳遠標準3第1次,"0,1",,ordinal,ordinal,,none,,0,FALSE,TRUE,雙腳同時起跳同時落地
TGMD_214_Jum_t1,550,TGMD,4,matrix-radio,long_jump,Jump criterion 4 trial 1,立定跳遠標準4第1次,"0,1",,ordinal,ordinal,,none,,0,FALSE,TRUE,雙腳落地時雙臂隨之向下擺動
TGMD_211_Jum_t2,551,TGMD,4,matrix-radio,long_jump,Jump criterion 1 trial 2,立定跳遠標準1第2次,"0,1",,ordinal,ordinal,,none,,0,FALSE,TRUE,準備起跳前雙膝彎曲雙臂在身體後面
TGMD_212_Jum_t2,552,TGMD,4,matrix-radio,long_jump,Jump criterion 2 trial 2,立定跳遠標準2第2次,"0,1",,ordinal,ordinal,,none,,0,FALSE,TRUE,踺地起跳時雙臂有力向前上方擺動高於頭頂
TGMD_213_Jum_t2,553,TGMD,4,matrix-radio,long_jump,Jump criterion 3 trial 2,立定跳遠標準3第2次,"0,1",,ordinal,ordinal,,none,,0,FALSE,TRUE,雙腳同時起跳同時落地
TGMD_214_Jum_t2,554,TGMD,4,matrix-radio,long_jump,Jump criterion 4 trial 2,立定跳遠標準4第2次,"0,1",,ordinal,ordinal,,none,,0,FALSE,TRUE,雙腳落地時雙臂隨之向下擺動
TGMD_311_Sli_t1,555,TGMD,4,matrix-radio,slide,Slide criterion 1 trial 1,側滑步標準1第1次,"0,1",,ordinal,ordinal,,none,,0,FALSE,TRUE,身體側對滑步方向胸頭大致與地面保持平行
TGMD_312_Sli_t1,556,TGMD,4,matrix-radio,slide,Slide criterion 2 trial 1,側滑步標準2第1次,"0,1",,ordinal,ordinal,,none,,0,FALSE,TRUE,慣用腳向側滑步另一隻腳隨後滑動有短暫離地
TGMD_313_Sli_t1,557,TGMD,4,matrix-radio,slide,Slide criterion 3 trial 1,側滑步標準3第1次,"0,1",,ordinal,ordinal,,none,,0,FALSE,TRUE,以第一個方向連續四次側滑步
TGMD_314_Sli_t1,558,TGMD,4,matrix-radio,slide,Slide criterion 4 trial 1,側滑步標準4第1次,"0,1",,ordinal,ordinal,,none,,0,FALSE,TRUE,不用轉身反方向重複側滑步連續四次
TGMD_311_Sli_t2,559,TGMD,4,matrix-radio,slide,Slide criterion 1 trial 2,側滑步標準1第2次,"0,1",,ordinal,ordinal,,none,,0,FALSE,TRUE,身體側對滑步方向胸頭大致與地面保持平行
TGMD_312_Sli_t2,560,TGMD,4,matrix-radio,slide,Slide criterion 2 trial 2,側滑步標準2第2次,"0,1",,ordinal,ordinal,,none,,0,FALSE,TRUE,慣用腳向側滑步另一隻腳隨後滑動有短暫離地
TGMD_313_Sli_t2,561,TGMD,4,matrix-radio,slide,Slide criterion 3 trial 2,側滑步標準3第2次,"0,1",,ordinal,ordinal,,none,,0,FALSE,TRUE,以第一個方向連續四次側滑步
TGMD_314_Sli_t2,562,TGMD,4,matrix-radio,slide,Slide criterion 4 trial 2,側滑步標準4第2次,"0,1",,ordinal,ordinal,,none,,0,FALSE,TRUE,不用轉身反方向重複側滑步連續四次
TGMD_411_Dri_t1,563,TGMD,4,matrix-radio,dribble,Dribble criterion 1 trial 1,單手原地拍球標準1第1次,"0,1",,ordinal,ordinal,,none,,0,FALSE,TRUE,一隻手拍球的時候球有回彈至腰間高度
TGMD_412_Dri_t1,564,TGMD,4,matrix-radio,dribble,Dribble criterion 2 trial 1,單手原地拍球標準2第1次,"0,1",,ordinal,ordinal,,none,,0,FALSE,TRUE,用指尖控球而不是用手掌拍打籃球
TGMD_413_Dri_t1,565,TGMD,4,matrix-radio,dribble,Dribble criterion 3 trial 1,單手原地拍球標準3第1次,"0,1",,ordinal,ordinal,,none,,0,FALSE,TRUE,能連續拍球4次腳不移動控制住球
TGMD_411_Dri_t2,566,TGMD,4,matrix-radio,dribble,Dribble criterion 1 trial 2,單手原地拍球標準1第2次,"0,1",,ordinal,ordinal,,none,,0,FALSE,TRUE,一隻手拍球的時候球有回彈至腰間高度
TGMD_412_Dri_t2,567,TGMD,4,matrix-radio,dribble,Dribble criterion 2 trial 2,單手原地拍球標準2第2次,"0,1",,ordinal,ordinal,,none,,0,FALSE,TRUE,用指尖控球而不是用手掌拍打籃球
TGMD_413_Dri_t2,568,TGMD,4,matrix-radio,dribble,Dribble criterion 3 trial 2,單手原地拍球標準3第2次,"0,1",,ordinal,ordinal,,none,,0,FALSE,TRUE,能連續拍球4次腳不移動控制住球
TGMD_511_Cat_t1,569,TGMD,4,matrix-radio,catch,Catch criterion 1 trial 1,雙手接球標準1第1次,"0,1",,ordinal,ordinal,,none,,0,FALSE,TRUE,準備接球前雙手自然伸展置於胸前肘關節自然彎曲
TGMD_512_Cat_t1,570,TGMD,4,matrix-radio,catch,Catch criterion 2 trial 1,雙手接球標準2第1次,"0,1",,ordinal,ordinal,,none,,0,FALSE,TRUE,雙臂自然伸展去迎接球
TGMD_513_Cat_t1,571,TGMD,4,matrix-radio,catch,Catch criterion 3 trial 1,雙手接球標準3第1次,"0,1",,ordinal,ordinal,,none,,0,FALSE,TRUE,僅靠雙手接住球
TGMD_511_Cat_t2,572,TGMD,4,matrix-radio,catch,Catch criterion 1 trial 2,雙手接球標準1第2次,"0,1",,ordinal,ordinal,,none,,0,FALSE,TRUE,準備接球前雙手自然伸展置於胸前肘關節自然彎曲
TGMD_512_Cat_t2,573,TGMD,4,matrix-radio,catch,Catch criterion 2 trial 2,雙手接球標準2第2次,"0,1",,ordinal,ordinal,,none,,0,FALSE,TRUE,雙臂自然伸展去迎接球
TGMD_513_Cat_t2,574,TGMD,4,matrix-radio,catch,Catch criterion 3 trial 2,雙手接球標準3第2次,"0,1",,ordinal,ordinal,,none,,0,FALSE,TRUE,僅靠雙手接住球
TGMD_611_Thr_t1,575,TGMD,4,matrix-radio,underhand_throw,Throw criterion 1 trial 1,下手拋球標準1第1次,"0,1",,ordinal,ordinal,,none,,0,FALSE,TRUE,拋球前慣用手持球向後下方擺動並置於身體後方
TGMD_612_Thr_t1,576,TGMD,4,matrix-radio,underhand_throw,Throw criterion 2 trial 1,下手拋球標準2第1次,"0,1",,ordinal,ordinal,,none,,0,FALSE,TRUE,於慣用手另一邊的腳踏前一步
TGMD_613_Thr_t1,577,TGMD,4,matrix-radio,underhand_throw,Throw criterion 3 trial 1,下手拋球標準3第1次,"0,1",,ordinal,ordinal,,none,,0,FALSE,TRUE,球拋出後直接擊打牆面沒有彈地
TGMD_614_Thr_t1,578,TGMD,4,matrix-radio,underhand_throw,Throw criterion 4 trial 1,下手拋球標準4第1次,"0,1",,ordinal,ordinal,,none,,0,FALSE,TRUE,球離手時投球的手至少達胸部位置
TGMD_611_Thr_t2,579,TGMD,4,matrix-radio,underhand_throw,Throw criterion 1 trial 2,下手拋球標準1第2次,"0,1",,ordinal,ordinal,,none,,0,FALSE,TRUE,拋球前慣用手持球向後下方擺動並置於身體後方
TGMD_612_Thr_t2,580,TGMD,4,matrix-radio,underhand_throw,Throw criterion 2 trial 2,下手拋球標準2第2次,"0,1",,ordinal,ordinal,,none,,0,FALSE,TRUE,於慣用手另一邊的腳踏前一步
TGMD_613_Thr_t2,581,TGMD,4,matrix-radio,underhand_throw,Throw criterion 3 trial 2,下手拋球標準3第2次,"0,1",,ordinal,ordinal,,none,,0,FALSE,TRUE,球拋出後直接擊打牆面沒有彈地
TGMD_614_Thr_t2,582,TGMD,4,matrix-radio,underhand_throw,Throw criterion 4 trial 2,下手拋球標準4第2次,"0,1",,ordinal,ordinal,,none,,0,FALSE,TRUE,球離手時投球的手至少達胸部位置
TGMD_Com,583,TGMD,4,completion,metadata,Completion status,完成狀態,1,,boolean,nominal,,,,0,FALSE,FALSE,Task completion marker
MF_1,584,MF,4,math-fluency,addition,8+7,8+7,numeric,,numeric,ratio,,timeout,,0,FALSE,TRUE,Correct answer: 15. Timed task 60s total
MF_2,585,MF,4,math-fluency,addition,12+5,12+5,numeric,,numeric,ratio,,timeout,,0,FALSE,TRUE,Correct answer: 17
MF_3,586,MF,4,math-fluency,addition,3+9,3+9,numeric,,numeric,ratio,,timeout,,0,FALSE,TRUE,Correct answer: 12
MF_4,587,MF,4,math-fluency,addition,4+4,4+4,numeric,,numeric,ratio,,timeout,,0,FALSE,TRUE,Correct answer: 8
MF_5,588,MF,4,math-fluency,addition,15+6,15+6,numeric,,numeric,ratio,,timeout,,0,FALSE,TRUE,Correct answer: 21
MF_6,589,MF,4,math-fluency,addition,9+8,9+8,numeric,,numeric,ratio,,timeout,,0,FALSE,TRUE,Correct answer: 17
MF_7,590,MF,4,math-fluency,addition,7+2,7+2,numeric,,numeric,ratio,,timeout,,0,FALSE,TRUE,Correct answer: 9
MF_8,591,MF,4,math-fluency,addition,11+4,11+4,numeric,,numeric,ratio,,timeout,,0,FALSE,TRUE,Correct answer: 15
MF_9,592,MF,4,math-fluency,addition,6+5,6+5,numeric,,numeric,ratio,,timeout,,0,FALSE,TRUE,Correct answer: 11
MF_10,593,MF,4,math-fluency,addition,13+7,13+7,numeric,,numeric,ratio,,timeout,,0,FALSE,TRUE,Correct answer: 20
MF_11,607,MF,4,math-fluency,addition,1+5,1+5,numeric,,numeric,ratio,,timeout,,0,FALSE,TRUE,Correct answer: 6
MF_12,608,MF,4,math-fluency,addition,5+3,5+3,numeric,,numeric,ratio,,timeout,,0,FALSE,TRUE,Correct answer: 8
MF_13,609,MF,4,math-fluency,addition,6+3,6+3,numeric,,numeric,ratio,,timeout,,0,FALSE,TRUE,Correct answer: 9
MF_14,610,MF,4,math-fluency,addition,8+1,8+1,numeric,,numeric,ratio,,timeout,,0,FALSE,TRUE,Correct answer: 9
MF_15,611,MF,4,math-fluency,addition,7+0,7+0,numeric,,numeric,ratio,,timeout,,0,FALSE,TRUE,Correct answer: 7
MF_16,612,MF,4,math-fluency,addition,4+1,4+1,numeric,,numeric,ratio,,timeout,,0,FALSE,TRUE,Correct answer: 5
MF_17,613,MF,4,math-fluency,addition,1+7,1+7,numeric,,numeric,ratio,,timeout,,0,FALSE,TRUE,Correct answer: 8
MF_18,614,MF,4,math-fluency,addition,0+6,0+6,numeric,,numeric,ratio,,timeout,,0,FALSE,TRUE,Correct answer: 6
MF_19,615,MF,4,math-fluency,addition,3+4,3+4,numeric,,numeric,ratio,,timeout,,0,FALSE,TRUE,Correct answer: 7
MF_20,616,MF,4,math-fluency,addition,4+4,4+4,numeric,,numeric,ratio,,timeout,,0,FALSE,TRUE,Correct answer: 8
MF_21,617,MF,4,math-fluency,addition,3+3,3+3,numeric,,numeric,ratio,,timeout,,0,FALSE,TRUE,Correct answer: 6
MF_22,618,MF,4,math-fluency,addition,9+1,9+1,numeric,,numeric,ratio,,timeout,,0,FALSE,TRUE,Correct answer: 10
MF_23,619,MF,4,math-fluency,addition,5+4,5+4,numeric,,numeric,ratio,,timeout,,0,FALSE,TRUE,Correct answer: 9
MF_24,620,MF,4,math-fluency,addition,7+2,7+2,numeric,,numeric,ratio,,timeout,,0,FALSE,TRUE,Correct answer: 9
MF_25,621,MF,4,math-fluency,addition,0+11,0+11,numeric,,numeric,ratio,,timeout,,0,FALSE,TRUE,Correct answer: 11
MF_26,622,MF,4,math-fluency,addition,3+9,3+9,numeric,,numeric,ratio,,timeout,,0,FALSE,TRUE,Correct answer: 12
MF_27,623,MF,4,math-fluency,addition,3+7,3+7,numeric,,numeric,ratio,,timeout,,0,FALSE,TRUE,Correct answer: 10
MF_28,624,MF,4,math-fluency,addition,5+5,5+5,numeric,,numeric,ratio,,timeout,,0,FALSE,TRUE,Correct answer: 10
MF_29,625,MF,4,math-fluency,addition,6+9,6+9,numeric,,numeric,ratio,,timeout,,0,FALSE,TRUE,Correct answer: 15
MF_30,626,MF,4,math-fluency,addition,2+8,2+8,numeric,,numeric,ratio,,timeout,,0,FALSE,TRUE,Correct answer: 10
MF_31,627,MF,4,math-fluency,addition,8+3,8+3,numeric,,numeric,ratio,,timeout,,0,FALSE,TRUE,Correct answer: 11
MF_32,628,MF,4,math-fluency,addition,6+6,6+6,numeric,,numeric,ratio,,timeout,,0,FALSE,TRUE,Correct answer: 12
MF_33,629,MF,4,math-fluency,addition,8+6,8+6,numeric,,numeric,ratio,,timeout,,0,FALSE,TRUE,Correct answer: 14
MF_34,630,MF,4,math-fluency,addition,4+8,4+8,numeric,,numeric,ratio,,timeout,,0,FALSE,TRUE,Correct answer: 12
MF_35,631,MF,4,math-fluency,addition,6+7,6+7,numeric,,numeric,ratio,,timeout,,0,FALSE,TRUE,Correct answer: 13
MF_36,632,MF,4,math-fluency,addition,7+4,7+4,numeric,,numeric,ratio,,timeout,,0,FALSE,TRUE,Correct answer: 11
MF_37,633,MF,4,math-fluency,addition,4+9,4+9,numeric,,numeric,ratio,,timeout,,0,FALSE,TRUE,Correct answer: 13
MF_38,634,MF,4,math-fluency,addition,9+5,9+5,numeric,,numeric,ratio,,timeout,,0,FALSE,TRUE,Correct answer: 14
MF_39,635,MF,4,math-fluency,addition,8+7,8+7,numeric,,numeric,ratio,,timeout,,0,FALSE,TRUE,Correct answer: 15
MF_40,636,MF,4,math-fluency,addition,8+5,8+5,numeric,,numeric,ratio,,timeout,,0,FALSE,TRUE,Correct answer: 13
MF_41,637,MF,4,math-fluency,addition,6+4,6+4,numeric,,numeric,ratio,,timeout,,0,FALSE,TRUE,Correct answer: 10
MF_42,638,MF,4,math-fluency,addition,9+4,9+4,numeric,,numeric,ratio,,timeout,,0,FALSE,TRUE,Correct answer: 13
MF_43,639,MF,4,math-fluency,addition,7+7,7+7,numeric,,numeric,ratio,,timeout,,0,FALSE,TRUE,Correct answer: 14
MF_44,640,MF,4,math-fluency,addition,5+6,5+6,numeric,,numeric,ratio,,timeout,,0,FALSE,TRUE,Correct answer: 11
MF_45,641,MF,4,math-fluency,addition,7+8,7+8,numeric,,numeric,ratio,,timeout,,0,FALSE,TRUE,Correct answer: 15
MF_46,642,MF,4,math-fluency,addition,9+3,9+3,numeric,,numeric,ratio,,timeout,,0,FALSE,TRUE,Correct answer: 12
MF_47,643,MF,4,math-fluency,addition,8+5,8+5,numeric,,numeric,ratio,,timeout,,0,FALSE,TRUE,Correct answer: 13
MF_48,644,MF,4,math-fluency,addition,8+8,8+8,numeric,,numeric,ratio,,timeout,,0,FALSE,TRUE,Correct answer: 16
MF Time Used,594,MF,4,duration,metadata,Time used (seconds),使用時間(秒),numeric,,numeric,ratio,,timeout,,0,FALSE,FALSE,Elapsed time in seconds (max 60)
Score,595,MF,4,score,score,Total score,總分,"0-48",,numeric,ratio,,,,0,FALSE,FALSE,Count of correct answers within time limit
MF_Date,645,MF,4,datetime,metadata,Test date,測試日期,datetime,,datetime,interval,,,,0,FALSE,FALSE,Timestamp of test completion
MF_Com,646,MF,4,completion,metadata,Completion status,完成狀態,1,,boolean,nominal,,,,0,FALSE,FALSE,Task completion marker
