Timestamp,Level,File,Message
2025-10-31T10:14:21.1474927+08:00,INFO,"12803_20251014_16_40.pdf","Read computer number from metadata: 999"
2025-10-31T10:14:21.1662152+08:00,INFO,"12803_20251014_16_40.pdf","Cleaned up metadata file from incoming folder"
2025-10-31T10:14:21.7926469+08:00,INFO,"12804_20251015_12_09.pdf","Read computer number from metadata: 999"
2025-10-31T10:14:21.8122734+08:00,INFO,"12804_20251015_12_09.pdf","Cleaned up metadata file from incoming folder"
2025-10-31T10:14:25.3112978+08:00,INFO,"12803_20251014_16_40.pdf","Using computer number from web upload: 999"
2025-10-31T10:14:25.3148817+08:00,INFO,"12803_20251014_16_40.pdf","Formatted school-id: 88 → S088"
2025-10-31T10:14:25.3226031+08:00,INFO,"12804_20251015_12_09.pdf","Using computer number from web upload: 999"
2025-10-31T10:14:25.3247846+08:00,INFO,"12803_20251014_16_40.pdf","Added District: Shatin (from S088)"
2025-10-31T10:14:25.3283802+08:00,INFO,"12804_20251015_12_09.pdf","Formatted school-id: 88 → S088"
2025-10-31T10:14:25.3369352+08:00,INFO,"12804_20251015_12_09.pdf","Added District: Shatin (from S088)"
2025-10-31T10:14:25.5807180+08:00,INFO,"12803_20251014_16_40.pdf","Searching for existing submission with sessionkey: 12803_20251014_16_40"
2025-10-31T10:14:25.5868167+08:00,INFO,"12804_20251015_12_09.pdf","Searching for existing submission with sessionkey: 12804_20251015_12_09"
2025-10-31T10:14:25.6058823+08:00,DEBUG,"12804_20251015_12_09.pdf","Using :matches filter with pattern '12804' (extracted from sessionkey)"
2025-10-31T10:14:25.6128581+08:00,INFO,"12803_20251014_16_40.pdf","Filter API search failed, falling back to pagination: The process cannot access the file 'C:\Users\KeySteps\The Education University of Hong Kong\o365grp_KeySteps@JC - General\98 - IT Support\04 - Homemade Apps\4Set-Server\logs\20251031_processing_agent.csv' because it is being used by another process."
2025-10-31T10:14:26.8510212+08:00,DEBUG,"12804_20251015_12_09.pdf","Filter API returned 1 submission(s), validating for exact sessionkey match..."
2025-10-31T10:14:26.8586589+08:00,INFO,"12804_20251015_12_09.pdf","Found existing submission via filter API: 6365029440322348956"
2025-10-31T10:14:26.8606157+08:00,INFO,"12804_20251015_12_09.pdf","Will UPDATE existing submission 6365029440322348956"
2025-10-31T10:14:26.8623641+08:00,INFO,"12804_20251015_12_09.pdf","Checking for data overwrite conflicts..."
2025-10-31T10:14:28.7966483+08:00,INFO,"12804_20251015_12_09.pdf","No overwrite conflicts detected - proceeding with update"
2025-10-31T10:14:29.7178305+08:00,INFO,"12804_20251015_12_09.pdf","Preparing to update 28 fields"
2025-10-31T10:14:29.7534151+08:00,INFO,"12804_20251015_12_09.pdf","Split into 1 chunks: [1-28]"
2025-10-31T10:14:30.6125037+08:00,UPLOAD,"12804_20251015_12_09.pdf","Updated submission 6365029440322348956 (28 fields, 1 chunks)"
2025-10-31T10:14:30.6201444+08:00,INFO,"12804_20251015_12_09.pdf","Upload succeeded with chunk size 100 fields (attempt 1)"
2025-10-31T10:14:30.6258713+08:00,INFO,"12804_20251015_12_09.pdf","Jotform upload completed successfully: 6365029440322348956 (took 1 attempt(s))"
2025-10-31T10:14:30.6418923+08:00,INFO,"12804_20251015_12_09.pdf","Created school folder: C:\Users\KeySteps\The Education University of Hong Kong\o365grp_KeySteps@JC - General\98 - IT Support\04 - Homemade Apps\4Set-Server\filed\S088"
2025-10-31T10:14:30.6577514+08:00,FILED,"12804_20251015_12_09.pdf","12804_20251015_12_09.pdf → S088/"
2025-10-31T10:14:37.5085466+08:00,INFO,"12810_20251015_12_16.pdf","Read computer number from metadata: 999"
2025-10-31T10:14:37.5252642+08:00,INFO,"12810_20251015_12_16.pdf","Cleaned up metadata file from incoming folder"
2025-10-31T10:14:39.8455506+08:00,INFO,"12810_20251015_12_16.pdf","Using computer number from web upload: 999"
2025-10-31T10:14:39.8477842+08:00,INFO,"12810_20251015_12_16.pdf","Formatted school-id: 88 → S088"
2025-10-31T10:14:39.8536203+08:00,INFO,"12810_20251015_12_16.pdf","Added District: Shatin (from S088)"
2025-10-31T10:14:40.0498031+08:00,INFO,"12810_20251015_12_16.pdf","Searching for existing submission with sessionkey: 12810_20251015_12_16"
2025-10-31T10:14:40.0643890+08:00,DEBUG,"12810_20251015_12_16.pdf","Using :matches filter with pattern '12810' (extracted from sessionkey)"
2025-10-31T10:14:42.2894593+08:00,DEBUG,"12810_20251015_12_16.pdf","Filter API returned 1 submission(s), validating for exact sessionkey match..."
2025-10-31T10:14:42.2955739+08:00,INFO,"12810_20251015_12_16.pdf","Found existing submission via filter API: 6365028650329444378"
2025-10-31T10:14:42.2974064+08:00,INFO,"12810_20251015_12_16.pdf","Will UPDATE existing submission 6365028650329444378"
2025-10-31T10:14:42.2991569+08:00,INFO,"12810_20251015_12_16.pdf","Checking for data overwrite conflicts..."
2025-10-31T10:14:43.6823579+08:00,INFO,"12810_20251015_12_16.pdf","No overwrite conflicts detected - proceeding with update"
2025-10-31T10:14:44.2762747+08:00,INFO,"12810_20251015_12_16.pdf","Preparing to update 38 fields"
2025-10-31T10:14:44.3043917+08:00,INFO,"12810_20251015_12_16.pdf","Split into 1 chunks: [1-38]"
2025-10-31T10:14:45.0763624+08:00,UPLOAD,"12810_20251015_12_16.pdf","Updated submission 6365028650329444378 (38 fields, 1 chunks)"
2025-10-31T10:14:45.0814462+08:00,INFO,"12810_20251015_12_16.pdf","Upload succeeded with chunk size 100 fields (attempt 1)"
2025-10-31T10:14:45.0862858+08:00,INFO,"12810_20251015_12_16.pdf","Jotform upload completed successfully: 6365028650329444378 (took 1 attempt(s))"
2025-10-31T10:14:45.1147250+08:00,FILED,"12810_20251015_12_16.pdf","12810_20251015_12_16.pdf → S088/"
2025-10-31T10:14:45.6921444+08:00,WARN,"12803_20251014_16_40.pdf","Jotform upload attempt 1 failed: The request was canceled due to the configured HttpClient.Timeout of 20 seconds elapsing. (status: )"
2025-10-31T10:14:45.7152250+08:00,INFO,"12803_20251014_16_40.pdf","Retrying in 10 seconds..."
2025-10-31T10:14:50.9198832+08:00,INFO,"12811_20251015_14_58.pdf","Read computer number from metadata: 999"
2025-10-31T10:14:50.9391158+08:00,INFO,"12811_20251015_14_58.pdf","Cleaned up metadata file from incoming folder"
2025-10-31T10:14:52.8901723+08:00,INFO,"12811_20251015_14_58.pdf","Using computer number from web upload: 999"
2025-10-31T10:14:52.8929447+08:00,INFO,"12811_20251015_14_58.pdf","Formatted school-id: 88 → S088"
2025-10-31T10:14:52.8973513+08:00,INFO,"12811_20251015_14_58.pdf","Added District: Shatin (from S088)"
2025-10-31T10:14:53.0357812+08:00,INFO,"12811_20251015_14_58.pdf","Searching for existing submission with sessionkey: 12811_20251015_14_58"
2025-10-31T10:14:53.0460392+08:00,DEBUG,"12811_20251015_14_58.pdf","Using :matches filter with pattern '12811' (extracted from sessionkey)"
2025-10-31T10:14:54.2846098+08:00,DEBUG,"12811_20251015_14_58.pdf","Filter API returned 1 submission(s), validating for exact sessionkey match..."
2025-10-31T10:14:54.2911045+08:00,INFO,"12811_20251015_14_58.pdf","Found existing submission via filter API: 6365029690328291087"
2025-10-31T10:14:54.2923876+08:00,INFO,"12811_20251015_14_58.pdf","Will UPDATE existing submission 6365029690328291087"
2025-10-31T10:14:54.2930901+08:00,INFO,"12811_20251015_14_58.pdf","Checking for data overwrite conflicts..."
2025-10-31T10:14:55.7313595+08:00,INFO,"12803_20251014_16_40.pdf","Searching for existing submission with sessionkey: 12803_20251014_16_40"
2025-10-31T10:14:55.7336141+08:00,DEBUG,"12803_20251014_16_40.pdf","Using :matches filter with pattern '12803' (extracted from sessionkey)"
2025-10-31T10:14:55.7984444+08:00,INFO,"12811_20251015_14_58.pdf","No overwrite conflicts detected - proceeding with update"
2025-10-31T10:14:56.4264558+08:00,INFO,"12811_20251015_14_58.pdf","Preparing to update 31 fields"
2025-10-31T10:14:56.4529703+08:00,INFO,"12811_20251015_14_58.pdf","Split into 1 chunks: [1-31]"
2025-10-31T10:14:57.1762360+08:00,UPLOAD,"12811_20251015_14_58.pdf","Updated submission 6365029690328291087 (31 fields, 1 chunks)"
2025-10-31T10:14:57.1830389+08:00,INFO,"12811_20251015_14_58.pdf","Upload succeeded with chunk size 100 fields (attempt 1)"
2025-10-31T10:14:57.1896148+08:00,INFO,"12811_20251015_14_58.pdf","Jotform upload completed successfully: 6365029690328291087 (took 1 attempt(s))"
2025-10-31T10:14:57.2413446+08:00,FILED,"12811_20251015_14_58.pdf","12811_20251015_14_58.pdf → S088/"
2025-10-31T10:14:57.3101726+08:00,DEBUG,"12803_20251014_16_40.pdf","Filter API returned 4 submission(s), validating for exact sessionkey match..."
2025-10-31T10:14:57.3156221+08:00,INFO,"12803_20251014_16_40.pdf","Found existing submission via filter API: 6365027060322217806"
2025-10-31T10:14:57.3207274+08:00,INFO,"12803_20251014_16_40.pdf","Will UPDATE existing submission 6365027060322217806"
2025-10-31T10:14:57.3245488+08:00,INFO,"12803_20251014_16_40.pdf","Checking for data overwrite conflicts..."
2025-10-31T10:14:58.9778819+08:00,INFO,"12803_20251014_16_40.pdf","No overwrite conflicts detected - proceeding with update"
2025-10-31T10:14:59.6787065+08:00,INFO,"12803_20251014_16_40.pdf","Preparing to update 31 fields"
2025-10-31T10:14:59.7092490+08:00,INFO,"12803_20251014_16_40.pdf","Split into 1 chunks: [1-31]"
2025-10-31T10:15:00.4293327+08:00,UPLOAD,"12803_20251014_16_40.pdf","Updated submission 6365027060322217806 (31 fields, 1 chunks)"
2025-10-31T10:15:00.4361206+08:00,INFO,"12803_20251014_16_40.pdf","Upload succeeded with chunk size 100 fields (attempt 2)"
2025-10-31T10:15:00.4414732+08:00,INFO,"12803_20251014_16_40.pdf","Jotform upload completed successfully: 6365027060322217806 (took 2 attempt(s))"
2025-10-31T10:15:00.4738455+08:00,FILED,"12803_20251014_16_40.pdf","12803_20251014_16_40.pdf → S088/"
2025-10-31T10:15:03.8862121+08:00,INFO,"12852_20251015_14_35.pdf","Read computer number from metadata: 999"
2025-10-31T10:15:03.9027181+08:00,INFO,"12852_20251015_14_35.pdf","Cleaned up metadata file from incoming folder"
2025-10-31T10:15:05.7769289+08:00,INFO,"12853_20251015_12_54.pdf","Read computer number from metadata: 999"
2025-10-31T10:15:05.8041975+08:00,INFO,"12853_20251015_12_54.pdf","Cleaned up metadata file from incoming folder"
2025-10-31T10:15:05.8945905+08:00,INFO,"12852_20251015_14_35.pdf","Using computer number from web upload: 999"
2025-10-31T10:15:05.8973251+08:00,INFO,"12852_20251015_14_35.pdf","Formatted school-id: 88 → S088"
2025-10-31T10:15:05.9029732+08:00,INFO,"12852_20251015_14_35.pdf","Added District: Shatin (from S088)"
2025-10-31T10:15:06.0890620+08:00,INFO,"12852_20251015_14_35.pdf","Searching for existing submission with sessionkey: 12852_20251015_14_35"
2025-10-31T10:15:06.1064430+08:00,DEBUG,"12852_20251015_14_35.pdf","Using :matches filter with pattern '12852' (extracted from sessionkey)"
2025-10-31T10:15:07.2605213+08:00,DEBUG,"12852_20251015_14_35.pdf","Filter API returned 1 submission(s), validating for exact sessionkey match..."
2025-10-31T10:15:07.2676970+08:00,INFO,"12852_20251015_14_35.pdf","Found existing submission via filter API: 6365036320328103732"
2025-10-31T10:15:07.2696580+08:00,INFO,"12852_20251015_14_35.pdf","Will UPDATE existing submission 6365036320328103732"
2025-10-31T10:15:07.2709848+08:00,INFO,"12852_20251015_14_35.pdf","Checking for data overwrite conflicts..."
2025-10-31T10:15:07.8455473+08:00,INFO,"12853_20251015_12_54.pdf","Using computer number from web upload: 999"
2025-10-31T10:15:07.8486976+08:00,INFO,"12853_20251015_12_54.pdf","Formatted school-id: 88 → S088"
2025-10-31T10:15:07.8569781+08:00,INFO,"12853_20251015_12_54.pdf","Added District: Shatin (from S088)"
2025-10-31T10:15:08.0500962+08:00,INFO,"12853_20251015_12_54.pdf","Searching for existing submission with sessionkey: 12853_20251015_12_54"
2025-10-31T10:15:08.0636427+08:00,DEBUG,"12853_20251015_12_54.pdf","Using :matches filter with pattern '12853' (extracted from sessionkey)"
2025-10-31T10:15:08.6274363+08:00,INFO,"12852_20251015_14_35.pdf","No overwrite conflicts detected - proceeding with update"
2025-10-31T10:15:09.2909220+08:00,INFO,"12852_20251015_14_35.pdf","Preparing to update 25 fields"
2025-10-31T10:15:09.3170642+08:00,INFO,"12852_20251015_14_35.pdf","Split into 1 chunks: [1-25]"
2025-10-31T10:15:10.0476922+08:00,UPLOAD,"12852_20251015_14_35.pdf","Updated submission 6365036320328103732 (25 fields, 1 chunks)"
2025-10-31T10:15:10.0575400+08:00,INFO,"12852_20251015_14_35.pdf","Upload succeeded with chunk size 100 fields (attempt 1)"
2025-10-31T10:15:10.0605983+08:00,INFO,"12852_20251015_14_35.pdf","Jotform upload completed successfully: 6365036320328103732 (took 1 attempt(s))"
2025-10-31T10:15:10.0860507+08:00,FILED,"12852_20251015_14_35.pdf","12852_20251015_14_35.pdf → S088/"
2025-10-31T10:15:10.3275943+08:00,DEBUG,"12853_20251015_12_54.pdf","Filter API returned 1 submission(s), validating for exact sessionkey match..."
2025-10-31T10:15:10.3335581+08:00,INFO,"12853_20251015_12_54.pdf","Found existing submission via filter API: 6365036840322243756"
2025-10-31T10:15:10.3359206+08:00,INFO,"12853_20251015_12_54.pdf","Will UPDATE existing submission 6365036840322243756"
2025-10-31T10:15:10.3377007+08:00,INFO,"12853_20251015_12_54.pdf","Checking for data overwrite conflicts..."
2025-10-31T10:15:11.7387368+08:00,INFO,"12853_20251015_12_54.pdf","No overwrite conflicts detected - proceeding with update"
2025-10-31T10:15:12.3441360+08:00,INFO,"12853_20251015_12_54.pdf","Preparing to update 31 fields"
2025-10-31T10:15:12.3725369+08:00,INFO,"12853_20251015_12_54.pdf","Split into 1 chunks: [1-31]"
2025-10-31T10:15:13.1062723+08:00,UPLOAD,"12853_20251015_12_54.pdf","Updated submission 6365036840322243756 (31 fields, 1 chunks)"
2025-10-31T10:15:13.1121042+08:00,INFO,"12853_20251015_12_54.pdf","Upload succeeded with chunk size 100 fields (attempt 1)"
2025-10-31T10:15:13.1165673+08:00,INFO,"12853_20251015_12_54.pdf","Jotform upload completed successfully: 6365036840322243756 (took 1 attempt(s))"
2025-10-31T10:15:13.1437234+08:00,FILED,"12853_20251015_12_54.pdf","12853_20251015_12_54.pdf → S088/"
2025-10-31T10:15:15.8181180+08:00,INFO,"12854_20251015_13_09.pdf","Read computer number from metadata: 999"
2025-10-31T10:15:15.8400529+08:00,INFO,"12854_20251015_13_09.pdf","Cleaned up metadata file from incoming folder"
2025-10-31T10:15:17.6967202+08:00,INFO,"12854_20251015_13_09.pdf","Using computer number from web upload: 999"
2025-10-31T10:15:17.6990967+08:00,INFO,"12854_20251015_13_09.pdf","Formatted school-id: 88 → S088"
2025-10-31T10:15:17.7038665+08:00,INFO,"12854_20251015_13_09.pdf","Added District: Shatin (from S088)"
2025-10-31T10:15:17.8629832+08:00,INFO,"12854_20251015_13_09.pdf","Searching for existing submission with sessionkey: 12854_20251015_13_09"
2025-10-31T10:15:17.8744296+08:00,DEBUG,"12854_20251015_13_09.pdf","Using :matches filter with pattern '12854' (extracted from sessionkey)"
2025-10-31T10:15:19.1743200+08:00,INFO,"12855_20251015_13_05.pdf","Read computer number from metadata: 999"
2025-10-31T10:15:19.1913210+08:00,INFO,"12855_20251015_13_05.pdf","Cleaned up metadata file from incoming folder"
2025-10-31T10:15:20.9634357+08:00,INFO,"12855_20251015_13_05.pdf","Using computer number from web upload: 999"
2025-10-31T10:15:20.9675977+08:00,INFO,"12855_20251015_13_05.pdf","Formatted school-id: 88 → S088"
2025-10-31T10:15:20.9773096+08:00,INFO,"12855_20251015_13_05.pdf","Added District: Shatin (from S088)"
2025-10-31T10:15:21.1360495+08:00,INFO,"12855_20251015_13_05.pdf","Searching for existing submission with sessionkey: 12855_20251015_13_05"
2025-10-31T10:15:21.1456810+08:00,DEBUG,"12855_20251015_13_05.pdf","Using :matches filter with pattern '12855' (extracted from sessionkey)"
2025-10-31T10:15:22.4065224+08:00,DEBUG,"12855_20251015_13_05.pdf","Filter API returned 1 submission(s), validating for exact sessionkey match..."
2025-10-31T10:15:22.4116439+08:00,INFO,"12855_20251015_13_05.pdf","Found existing submission via filter API: 6365037070328668375"
2025-10-31T10:15:22.4137728+08:00,INFO,"12855_20251015_13_05.pdf","Will UPDATE existing submission 6365037070328668375"
2025-10-31T10:15:22.4149280+08:00,INFO,"12855_20251015_13_05.pdf","Checking for data overwrite conflicts..."
2025-10-31T10:15:23.5371901+08:00,INFO,"12855_20251015_13_05.pdf","No overwrite conflicts detected - proceeding with update"
2025-10-31T10:15:24.0978191+08:00,INFO,"12855_20251015_13_05.pdf","Preparing to update 40 fields"
2025-10-31T10:15:24.1273666+08:00,INFO,"12855_20251015_13_05.pdf","Split into 1 chunks: [1-40]"
2025-10-31T10:15:24.9299920+08:00,UPLOAD,"12855_20251015_13_05.pdf","Updated submission 6365037070328668375 (40 fields, 1 chunks)"
2025-10-31T10:15:24.9359517+08:00,INFO,"12855_20251015_13_05.pdf","Upload succeeded with chunk size 100 fields (attempt 1)"
2025-10-31T10:15:24.9410440+08:00,INFO,"12855_20251015_13_05.pdf","Jotform upload completed successfully: 6365037070328668375 (took 1 attempt(s))"
2025-10-31T10:15:24.9703278+08:00,FILED,"12855_20251015_13_05.pdf","12855_20251015_13_05.pdf → S088/"
2025-10-31T10:15:29.5870987+08:00,INFO,"12856_20251015_14_41.pdf","Read computer number from metadata: 999"
2025-10-31T10:15:29.6028714+08:00,INFO,"12856_20251015_14_41.pdf","Cleaned up metadata file from incoming folder"
2025-10-31T10:15:31.4779182+08:00,INFO,"12856_20251015_14_41.pdf","Using computer number from web upload: 999"
2025-10-31T10:15:31.4825133+08:00,INFO,"12856_20251015_14_41.pdf","Formatted school-id: 88 → S088"
2025-10-31T10:15:31.4903184+08:00,INFO,"12856_20251015_14_41.pdf","Added District: Shatin (from S088)"
2025-10-31T10:15:31.6960735+08:00,INFO,"12856_20251015_14_41.pdf","Searching for existing submission with sessionkey: 12856_20251015_14_41"
2025-10-31T10:15:31.7099054+08:00,DEBUG,"12856_20251015_14_41.pdf","Using :matches filter with pattern '12856' (extracted from sessionkey)"
2025-10-31T10:15:33.1117305+08:00,DEBUG,"12856_20251015_14_41.pdf","Filter API returned 1 submission(s), validating for exact sessionkey match..."
2025-10-31T10:15:33.1169354+08:00,INFO,"12856_20251015_14_41.pdf","Found existing submission via filter API: 6365037230323922859"
2025-10-31T10:15:33.1197453+08:00,INFO,"12856_20251015_14_41.pdf","Will UPDATE existing submission 6365037230323922859"
2025-10-31T10:15:33.1214412+08:00,INFO,"12856_20251015_14_41.pdf","Checking for data overwrite conflicts..."
2025-10-31T10:15:34.5859766+08:00,INFO,"12856_20251015_14_41.pdf","No overwrite conflicts detected - proceeding with update"
2025-10-31T10:15:35.5107158+08:00,INFO,"12856_20251015_14_41.pdf","Preparing to update 22 fields"
2025-10-31T10:15:35.5462433+08:00,INFO,"12856_20251015_14_41.pdf","Split into 1 chunks: [1-22]"
2025-10-31T10:15:36.8597529+08:00,UPLOAD,"12856_20251015_14_41.pdf","Updated submission 6365037230323922859 (22 fields, 1 chunks)"
2025-10-31T10:15:36.8726929+08:00,INFO,"12856_20251015_14_41.pdf","Upload succeeded with chunk size 100 fields (attempt 1)"
2025-10-31T10:15:36.8784544+08:00,INFO,"12856_20251015_14_41.pdf","Jotform upload completed successfully: 6365037230323922859 (took 1 attempt(s))"
2025-10-31T10:15:36.9139973+08:00,FILED,"12856_20251015_14_41.pdf","12856_20251015_14_41.pdf → S088/"
2025-10-31T10:15:39.0804168+08:00,WARN,"12854_20251015_13_09.pdf","Jotform upload attempt 1 failed: The request was canceled due to the configured HttpClient.Timeout of 20 seconds elapsing. (status: )"
2025-10-31T10:15:39.1008840+08:00,INFO,"12854_20251015_13_09.pdf","Retrying in 9 seconds..."
2025-10-31T10:15:43.4765978+08:00,INFO,"12858_20251015_14_54.pdf","Read computer number from metadata: 999"
2025-10-31T10:15:43.5002618+08:00,INFO,"12858_20251015_14_54.pdf","Cleaned up metadata file from incoming folder"
2025-10-31T10:15:45.3357247+08:00,INFO,"12858_20251015_14_54.pdf","Using computer number from web upload: 999"
2025-10-31T10:15:45.3380671+08:00,INFO,"12858_20251015_14_54.pdf","Formatted school-id: 88 → S088"
2025-10-31T10:15:45.3433700+08:00,INFO,"12858_20251015_14_54.pdf","Added District: Shatin (from S088)"
2025-10-31T10:15:45.5047028+08:00,INFO,"12858_20251015_14_54.pdf","Searching for existing submission with sessionkey: 12858_20251015_14_54"
2025-10-31T10:15:45.5162042+08:00,DEBUG,"12858_20251015_14_54.pdf","Using :matches filter with pattern '12858' (extracted from sessionkey)"
2025-10-31T10:15:46.6130847+08:00,DEBUG,"12858_20251015_14_54.pdf","Filter API returned 1 submission(s), validating for exact sessionkey match..."
2025-10-31T10:15:46.6173424+08:00,INFO,"12858_20251015_14_54.pdf","Found existing submission via filter API: 6365037420327660430"
2025-10-31T10:15:46.6188187+08:00,INFO,"12858_20251015_14_54.pdf","Will UPDATE existing submission 6365037420327660430"
2025-10-31T10:15:46.6199331+08:00,INFO,"12858_20251015_14_54.pdf","Checking for data overwrite conflicts..."
2025-10-31T10:15:47.6607248+08:00,INFO,"12858_20251015_14_54.pdf","No overwrite conflicts detected - proceeding with update"
2025-10-31T10:15:48.1158211+08:00,INFO,"12854_20251015_13_09.pdf","Searching for existing submission with sessionkey: 12854_20251015_13_09"
2025-10-31T10:15:48.1182252+08:00,DEBUG,"12854_20251015_13_09.pdf","Using :matches filter with pattern '12854' (extracted from sessionkey)"
2025-10-31T10:15:48.1948422+08:00,INFO,"12858_20251015_14_54.pdf","Preparing to update 54 fields"
2025-10-31T10:15:48.2227368+08:00,INFO,"12858_20251015_14_54.pdf","Split into 1 chunks: [1-54]"
2025-10-31T10:15:49.1111440+08:00,UPLOAD,"12858_20251015_14_54.pdf","Updated submission 6365037420327660430 (54 fields, 1 chunks)"
2025-10-31T10:15:49.1162114+08:00,INFO,"12858_20251015_14_54.pdf","Upload succeeded with chunk size 100 fields (attempt 1)"
2025-10-31T10:15:49.1210845+08:00,INFO,"12858_20251015_14_54.pdf","Jotform upload completed successfully: 6365037420327660430 (took 1 attempt(s))"
2025-10-31T10:15:49.1575498+08:00,FILED,"12858_20251015_14_54.pdf","12858_20251015_14_54.pdf → S088/"
2025-10-31T10:15:56.7882281+08:00,INFO,"12859_20251015_15_02.pdf","Read computer number from metadata: 999"
2025-10-31T10:15:56.8238894+08:00,INFO,"12859_20251015_15_02.pdf","Cleaned up metadata file from incoming folder"
2025-10-31T10:15:59.2499561+08:00,INFO,"12859_20251015_15_02.pdf","Using computer number from web upload: 999"
2025-10-31T10:15:59.2530000+08:00,INFO,"12859_20251015_15_02.pdf","Formatted school-id: 88 → S088"
2025-10-31T10:15:59.2598975+08:00,INFO,"12859_20251015_15_02.pdf","Added District: Shatin (from S088)"
2025-10-31T10:15:59.4142113+08:00,INFO,"12859_20251015_15_02.pdf","Searching for existing submission with sessionkey: 12859_20251015_15_02"
2025-10-31T10:15:59.4276841+08:00,DEBUG,"12859_20251015_15_02.pdf","Using :matches filter with pattern '12859' (extracted from sessionkey)"
2025-10-31T10:16:00.5312034+08:00,DEBUG,"12859_20251015_15_02.pdf","Filter API returned 1 submission(s), validating for exact sessionkey match..."
2025-10-31T10:16:00.5357447+08:00,INFO,"12859_20251015_15_02.pdf","Found existing submission via filter API: 6365037560321723910"
2025-10-31T10:16:00.5370936+08:00,INFO,"12859_20251015_15_02.pdf","Will UPDATE existing submission 6365037560321723910"
2025-10-31T10:16:00.5380599+08:00,INFO,"12859_20251015_15_02.pdf","Checking for data overwrite conflicts..."
2025-10-31T10:16:01.7069015+08:00,INFO,"12859_20251015_15_02.pdf","No overwrite conflicts detected - proceeding with update"
2025-10-31T10:16:02.2521781+08:00,INFO,"12859_20251015_15_02.pdf","Preparing to update 24 fields"
2025-10-31T10:16:02.2779572+08:00,INFO,"12859_20251015_15_02.pdf","Split into 1 chunks: [1-24]"
2025-10-31T10:16:02.9790925+08:00,UPLOAD,"12859_20251015_15_02.pdf","Updated submission 6365037560321723910 (24 fields, 1 chunks)"
2025-10-31T10:16:02.9846929+08:00,INFO,"12859_20251015_15_02.pdf","Upload succeeded with chunk size 100 fields (attempt 1)"
2025-10-31T10:16:02.9893641+08:00,INFO,"12859_20251015_15_02.pdf","Jotform upload completed successfully: 6365037560321723910 (took 1 attempt(s))"
2025-10-31T10:16:03.0155068+08:00,FILED,"12859_20251015_15_02.pdf","12859_20251015_15_02.pdf → S088/"
2025-10-31T10:16:09.1768286+08:00,WARN,"12854_20251015_13_09.pdf","Jotform upload attempt 2 failed: The request was canceled due to the configured HttpClient.Timeout of 20 seconds elapsing. (status: )"
2025-10-31T10:16:09.1790395+08:00,INFO,"12854_20251015_13_09.pdf","Retrying in 32 seconds..."
2025-10-31T10:16:09.2213794+08:00,INFO,"12864_20251015_15_10.pdf","Read computer number from metadata: 999"
2025-10-31T10:16:09.2478216+08:00,INFO,"12864_20251015_15_10.pdf","Cleaned up metadata file from incoming folder"
2025-10-31T10:16:11.3193176+08:00,INFO,"12864_20251015_15_10.pdf","Using computer number from web upload: 999"
2025-10-31T10:16:11.3221589+08:00,INFO,"12864_20251015_15_10.pdf","Formatted school-id: 88 → S088"
2025-10-31T10:16:11.3299810+08:00,INFO,"12864_20251015_15_10.pdf","Added District: Shatin (from S088)"
2025-10-31T10:16:11.4820511+08:00,INFO,"12864_20251015_15_10.pdf","Searching for existing submission with sessionkey: 12864_20251015_15_10"
2025-10-31T10:16:11.4947176+08:00,DEBUG,"12864_20251015_15_10.pdf","Using :matches filter with pattern '12864' (extracted from sessionkey)"
2025-10-31T10:16:12.6518863+08:00,DEBUG,"12864_20251015_15_10.pdf","Filter API returned 1 submission(s), validating for exact sessionkey match..."
2025-10-31T10:16:12.6557303+08:00,INFO,"12864_20251015_15_10.pdf","Found existing submission via filter API: 6365038010326021752"
2025-10-31T10:16:12.6572677+08:00,INFO,"12864_20251015_15_10.pdf","Will UPDATE existing submission 6365038010326021752"
2025-10-31T10:16:12.6585335+08:00,INFO,"12864_20251015_15_10.pdf","Checking for data overwrite conflicts..."
2025-10-31T10:16:13.9422528+08:00,INFO,"12864_20251015_15_10.pdf","No overwrite conflicts detected - proceeding with update"
2025-10-31T10:16:14.5213756+08:00,INFO,"12864_20251015_15_10.pdf","Preparing to update 24 fields"
2025-10-31T10:16:14.5452374+08:00,INFO,"12864_20251015_15_10.pdf","Split into 1 chunks: [1-24]"
2025-10-31T10:16:15.2596287+08:00,UPLOAD,"12864_20251015_15_10.pdf","Updated submission 6365038010326021752 (24 fields, 1 chunks)"
2025-10-31T10:16:15.2706642+08:00,INFO,"12864_20251015_15_10.pdf","Upload succeeded with chunk size 100 fields (attempt 1)"
2025-10-31T10:16:15.2756359+08:00,INFO,"12864_20251015_15_10.pdf","Jotform upload completed successfully: 6365038010326021752 (took 1 attempt(s))"
2025-10-31T10:16:15.3119194+08:00,FILED,"12864_20251015_15_10.pdf","12864_20251015_15_10.pdf → S088/"
2025-10-31T10:16:21.4430503+08:00,INFO,"12867_20251015_15_15.pdf","Read computer number from metadata: 999"
2025-10-31T10:16:21.4579411+08:00,INFO,"12867_20251015_15_15.pdf","Cleaned up metadata file from incoming folder"
2025-10-31T10:16:23.3402851+08:00,INFO,"12867_20251015_15_15.pdf","Using computer number from web upload: 999"
2025-10-31T10:16:23.3430504+08:00,INFO,"12867_20251015_15_15.pdf","Formatted school-id: 88 → S088"
2025-10-31T10:16:23.3492050+08:00,INFO,"12867_20251015_15_15.pdf","Added District: Shatin (from S088)"
2025-10-31T10:16:23.5470407+08:00,INFO,"12867_20251015_15_15.pdf","Searching for existing submission with sessionkey: 12867_20251015_15_15"
2025-10-31T10:16:23.5584951+08:00,DEBUG,"12867_20251015_15_15.pdf","Using :matches filter with pattern '12867' (extracted from sessionkey)"
2025-10-31T10:16:24.7751453+08:00,DEBUG,"12867_20251015_15_15.pdf","Filter API returned 1 submission(s), validating for exact sessionkey match..."
2025-10-31T10:16:24.7803924+08:00,INFO,"12867_20251015_15_15.pdf","Found existing submission via filter API: 6365039180324687792"
2025-10-31T10:16:24.7824728+08:00,INFO,"12867_20251015_15_15.pdf","Will UPDATE existing submission 6365039180324687792"
2025-10-31T10:16:24.7840755+08:00,INFO,"12867_20251015_15_15.pdf","Checking for data overwrite conflicts..."
2025-10-31T10:16:26.2124440+08:00,INFO,"12867_20251015_15_15.pdf","No overwrite conflicts detected - proceeding with update"
2025-10-31T10:16:26.9254180+08:00,INFO,"12867_20251015_15_15.pdf","Preparing to update 25 fields"
2025-10-31T10:16:26.9580051+08:00,INFO,"12867_20251015_15_15.pdf","Split into 1 chunks: [1-25]"
2025-10-31T10:16:27.6652640+08:00,UPLOAD,"12867_20251015_15_15.pdf","Updated submission 6365039180324687792 (25 fields, 1 chunks)"
2025-10-31T10:16:27.6719172+08:00,INFO,"12867_20251015_15_15.pdf","Upload succeeded with chunk size 100 fields (attempt 1)"
2025-10-31T10:16:27.6767777+08:00,INFO,"12867_20251015_15_15.pdf","Jotform upload completed successfully: 6365039180324687792 (took 1 attempt(s))"
2025-10-31T10:16:27.7060067+08:00,FILED,"12867_20251015_15_15.pdf","12867_20251015_15_15.pdf → S088/"
2025-10-31T10:16:34.6159518+08:00,INFO,"99999_20251015_15_47.pdf","Read computer number from metadata: 999"
2025-10-31T10:16:34.6359101+08:00,INFO,"99999_20251015_15_47.pdf","Cleaned up metadata file from incoming folder"
2025-10-31T10:16:36.6905790+08:00,WARN,"99999_20251015_15_47.pdf","Phase2: Core ID C99999 not found in mapping"
2025-10-31T10:16:36.7034846+08:00,REJECT,"99999_20251015_15_47.pdf","coreid_missing_in_mapping: Core ID 'C99999' not found in mapping data."
2025-10-31T10:16:41.1925808+08:00,INFO,"12854_20251015_13_09.pdf","Searching for existing submission with sessionkey: 12854_20251015_13_09"
2025-10-31T10:16:41.1949247+08:00,DEBUG,"12854_20251015_13_09.pdf","Using :matches filter with pattern '12854' (extracted from sessionkey)"
2025-10-31T10:16:42.7832656+08:00,INFO,"10564_20251015_15_50.pdf","Read computer number from metadata: 999"
2025-10-31T10:16:42.8004217+08:00,INFO,"10564_20251015_15_50.pdf","Cleaned up metadata file from incoming folder"
2025-10-31T10:16:45.1290264+08:00,REJECT,"10564_20251015_15_50.pdf","School ID mismatch: PDF='S088' vs Mapping='S006'"
2025-10-31T10:16:45.1428708+08:00,REJECT,"10564_20251015_15_50.pdf","coreid_schoolid_mismatch: School ID mismatch: JSON shows 'S088' but mapping expects 'S006' for Core ID 'C10564'."
2025-10-31T10:16:52.0582733+08:00,INFO,"12800_20251014_13_05.pdf","Read computer number from metadata: 999"
2025-10-31T10:16:52.0781609+08:00,INFO,"12800_20251014_13_05.pdf","Cleaned up metadata file from incoming folder"
2025-10-31T10:16:54.5725590+08:00,INFO,"12800_20251014_13_05.pdf","Using computer number from web upload: 999"
2025-10-31T10:16:54.5767924+08:00,INFO,"12800_20251014_13_05.pdf","Formatted school-id: 88 → S088"
2025-10-31T10:16:54.5847685+08:00,INFO,"12800_20251014_13_05.pdf","Added District: Shatin (from S088)"
2025-10-31T10:16:54.7443590+08:00,INFO,"12800_20251014_13_05.pdf","Searching for existing submission with sessionkey: 12800_20251014_13_05"
2025-10-31T10:16:54.7610725+08:00,DEBUG,"12800_20251014_13_05.pdf","Using :matches filter with pattern '12800' (extracted from sessionkey)"
2025-10-31T10:16:56.0067035+08:00,DEBUG,"12800_20251014_13_05.pdf","Filter API returned 1 submission(s), validating for exact sessionkey match..."
2025-10-31T10:16:56.0138622+08:00,INFO,"12800_20251014_13_05.pdf","Found existing submission via filter API: 6365038110328533992"
2025-10-31T10:16:56.0160490+08:00,INFO,"12800_20251014_13_05.pdf","Will UPDATE existing submission 6365038110328533992"
2025-10-31T10:16:56.0180342+08:00,INFO,"12800_20251014_13_05.pdf","Checking for data overwrite conflicts..."
2025-10-31T10:16:57.9728507+08:00,INFO,"12800_20251014_13_05.pdf","No overwrite conflicts detected - proceeding with update"
2025-10-31T10:16:58.7201204+08:00,INFO,"12800_20251014_13_05.pdf","Preparing to update 470 fields"
2025-10-31T10:16:59.3445351+08:00,INFO,"12800_20251014_13_05.pdf","Split into 5 chunks: [1-94], [95-188], [189-282], [283-376], [377-470]"
2025-10-31T10:17:02.0963936+08:00,WARN,"12854_20251015_13_09.pdf","Jotform upload attempt 3 failed: The request was canceled due to the configured HttpClient.Timeout of 20 seconds elapsing. (status: )"
2025-10-31T10:17:02.0994253+08:00,ERROR,"12854_20251015_13_09.pdf","Jotform upload permanently failed after 3 attempts: The request was canceled due to the configured HttpClient.Timeout of 20 seconds elapsing. (StatusCode: )"
2025-10-31T10:17:02.1059281+08:00,ERROR,"12854_20251015_13_09.pdf","Jotform upload PERMANENTLY FAILED after 3 attempts: The request was canceled due to the configured HttpClient.Timeout of 20 seconds elapsing. - will file to Unsorted"
2025-10-31T10:17:02.1137817+08:00,WARN,"12854_20251015_13_09.pdf","Upload failed, overriding filing destination to Unsorted (original: S088)"
2025-10-31T10:17:02.1359749+08:00,FILED,"12854_20251015_13_09.pdf","12854_20251015_13_09.pdf → Unsorted/"
2025-10-31T10:17:04.2768030+08:00,UPLOAD,"12800_20251014_13_05.pdf","Updated submission 6365038110328533992 (470 fields, 5 chunks)"
2025-10-31T10:17:04.2824332+08:00,INFO,"12800_20251014_13_05.pdf","Upload succeeded with chunk size 100 fields (attempt 1)"
2025-10-31T10:17:04.2868455+08:00,INFO,"12800_20251014_13_05.pdf","Jotform upload completed successfully: 6365038110328533992 (took 1 attempt(s))"
2025-10-31T10:17:04.3164438+08:00,FILED,"12800_20251014_13_05.pdf","12800_20251014_13_05.pdf → S088/"
2025-10-31T10:17:07.9088726+08:00,INFO,"12800_20251015_15_53.pdf","Read computer number from metadata: 999"
2025-10-31T10:17:07.9326330+08:00,INFO,"12800_20251015_15_53.pdf","Cleaned up metadata file from incoming folder"
2025-10-31T10:17:10.1850658+08:00,REJECT,"12800_20251015_15_53.pdf","Sessionkey mismatch: Core ID (filename: '12800' vs PDF: '12801')"
2025-10-31T10:17:10.1874753+08:00,REJECT,"12800_20251015_15_53.pdf","Details: Filename='12800_20251015_15_53' vs PDF='12801_20251015_15_53' (from student-id='12801' + timestamp='2025/10/15 15:53')"
2025-10-31T10:17:10.2000186+08:00,REJECT,"12800_20251015_15_53.pdf","sessionkey_filename_mismatch: Sessionkey mismatch: Core ID (filename: '12800' vs PDF: '12801')"
2025-10-31T10:17:10.6376917+08:00,INFO,"12801_20251014_13_07.pdf","Read computer number from metadata: 999"
2025-10-31T10:17:10.6674783+08:00,INFO,"12801_20251014_13_07.pdf","Cleaned up metadata file from incoming folder"
2025-10-31T10:17:12.9837787+08:00,INFO,"12801_20251014_13_07.pdf","Using computer number from web upload: 999"
2025-10-31T10:17:12.9873176+08:00,INFO,"12801_20251014_13_07.pdf","Formatted school-id: 88 → S088"
2025-10-31T10:17:12.9960122+08:00,INFO,"12801_20251014_13_07.pdf","Added District: Shatin (from S088)"
2025-10-31T10:17:13.1515031+08:00,INFO,"12801_20251014_13_07.pdf","Searching for existing submission with sessionkey: 12801_20251014_13_07"
2025-10-31T10:17:13.1662541+08:00,DEBUG,"12801_20251014_13_07.pdf","Using :matches filter with pattern '12801' (extracted from sessionkey)"
2025-10-31T10:17:14.3703560+08:00,DEBUG,"12801_20251014_13_07.pdf","Filter API returned 1 submission(s), validating for exact sessionkey match..."
2025-10-31T10:17:14.3757454+08:00,INFO,"12801_20251014_13_07.pdf","Found existing submission via filter API: 6365038530322788202"
2025-10-31T10:17:14.3775556+08:00,INFO,"12801_20251014_13_07.pdf","Will UPDATE existing submission 6365038530322788202"
2025-10-31T10:17:14.3787447+08:00,INFO,"12801_20251014_13_07.pdf","Checking for data overwrite conflicts..."
2025-10-31T10:17:15.7873413+08:00,INFO,"12801_20251014_13_07.pdf","No overwrite conflicts detected - proceeding with update"
2025-10-31T10:17:16.4770704+08:00,INFO,"12801_20251014_13_07.pdf","Preparing to update 470 fields"
2025-10-31T10:17:16.9506861+08:00,INFO,"12801_20251014_13_07.pdf","Split into 5 chunks: [1-94], [95-188], [189-282], [283-376], [377-470]"
2025-10-31T10:17:17.0227447+08:00,INFO,"12802_20251014_13_36.pdf","Read computer number from metadata: 999"
2025-10-31T10:17:17.0451685+08:00,INFO,"12802_20251014_13_36.pdf","Cleaned up metadata file from incoming folder"
2025-10-31T10:17:19.1275552+08:00,INFO,"12802_20251014_13_36.pdf","Using computer number from web upload: 999"
2025-10-31T10:17:19.1305734+08:00,INFO,"12802_20251014_13_36.pdf","Formatted school-id: 88 → S088"
2025-10-31T10:17:19.1379042+08:00,INFO,"12802_20251014_13_36.pdf","Added District: Shatin (from S088)"
2025-10-31T10:17:19.3305234+08:00,INFO,"12802_20251014_13_36.pdf","Searching for existing submission with sessionkey: 12802_20251014_13_36"
2025-10-31T10:17:19.3450209+08:00,DEBUG,"12802_20251014_13_36.pdf","Using :matches filter with pattern '12802' (extracted from sessionkey)"
2025-10-31T10:17:20.5876859+08:00,DEBUG,"12802_20251014_13_36.pdf","Filter API returned 1 submission(s), validating for exact sessionkey match..."
2025-10-31T10:17:20.5914490+08:00,INFO,"12802_20251014_13_36.pdf","Found existing submission via filter API: 6365038640323749756"
2025-10-31T10:17:20.5926446+08:00,INFO,"12802_20251014_13_36.pdf","Will UPDATE existing submission 6365038640323749756"
2025-10-31T10:17:20.5935425+08:00,INFO,"12802_20251014_13_36.pdf","Checking for data overwrite conflicts..."
2025-10-31T10:17:21.6348954+08:00,INFO,"12802_20251014_13_36.pdf","No overwrite conflicts detected - proceeding with update"
2025-10-31T10:17:21.7799925+08:00,UPLOAD,"12801_20251014_13_07.pdf","Updated submission 6365038530322788202 (470 fields, 5 chunks)"
2025-10-31T10:17:21.7851225+08:00,INFO,"12801_20251014_13_07.pdf","Upload succeeded with chunk size 100 fields (attempt 1)"
2025-10-31T10:17:21.7888513+08:00,INFO,"12801_20251014_13_07.pdf","Jotform upload completed successfully: 6365038530322788202 (took 1 attempt(s))"
2025-10-31T10:17:21.8138475+08:00,FILED,"12801_20251014_13_07.pdf","12801_20251014_13_07.pdf → S088/"
2025-10-31T10:17:22.2451537+08:00,INFO,"12802_20251014_13_36.pdf","Preparing to update 33 fields"
2025-10-31T10:17:22.2793680+08:00,INFO,"12802_20251014_13_36.pdf","Split into 1 chunks: [1-33]"
2025-10-31T10:17:22.9963591+08:00,UPLOAD,"12802_20251014_13_36.pdf","Updated submission 6365038640323749756 (33 fields, 1 chunks)"
2025-10-31T10:17:23.0020139+08:00,INFO,"12802_20251014_13_36.pdf","Upload succeeded with chunk size 100 fields (attempt 1)"
2025-10-31T10:17:23.0061170+08:00,INFO,"12802_20251014_13_36.pdf","Jotform upload completed successfully: 6365038640323749756 (took 1 attempt(s))"
2025-10-31T10:17:23.0384253+08:00,FILED,"12802_20251014_13_36.pdf","12802_20251014_13_36.pdf → S088/"
2025-10-31T10:17:28.7434108+08:00,INFO,"12803_20251014_13_21.pdf","Read computer number from metadata: 999"
2025-10-31T10:17:28.7619338+08:00,INFO,"12803_20251014_13_21.pdf","Cleaned up metadata file from incoming folder"
2025-10-31T10:17:30.4833330+08:00,INFO,"12803_20251014_14_20.pdf","Read computer number from metadata: 999"
2025-10-31T10:17:30.5053058+08:00,INFO,"12803_20251014_14_20.pdf","Cleaned up metadata file from incoming folder"
2025-10-31T10:17:30.6356243+08:00,INFO,"12803_20251014_13_21.pdf","Using computer number from web upload: 999"
2025-10-31T10:17:30.6381091+08:00,INFO,"12803_20251014_13_21.pdf","Formatted school-id: 88 → S088"
2025-10-31T10:17:30.6436121+08:00,INFO,"12803_20251014_13_21.pdf","Added District: Shatin (from S088)"
2025-10-31T10:17:30.8413873+08:00,INFO,"12803_20251014_13_21.pdf","Searching for existing submission with sessionkey: 12803_20251014_13_21"
2025-10-31T10:17:30.8543409+08:00,DEBUG,"12803_20251014_13_21.pdf","Using :matches filter with pattern '12803' (extracted from sessionkey)"
2025-10-31T10:17:32.1422331+08:00,INFO,"12803_20251014_14_20.pdf","Using computer number from web upload: 999"
2025-10-31T10:17:32.1447093+08:00,INFO,"12803_20251014_14_20.pdf","Formatted school-id: 88 → S088"
2025-10-31T10:17:32.1519528+08:00,INFO,"12803_20251014_14_20.pdf","Added District: Shatin (from S088)"
2025-10-31T10:17:32.3084332+08:00,INFO,"12803_20251014_14_20.pdf","Searching for existing submission with sessionkey: 12803_20251014_14_20"
2025-10-31T10:17:32.3181176+08:00,DEBUG,"12803_20251014_14_20.pdf","Using :matches filter with pattern '12803' (extracted from sessionkey)"
2025-10-31T10:17:32.4211678+08:00,DEBUG,"12803_20251014_13_21.pdf","Filter API returned 4 submission(s), validating for exact sessionkey match..."
2025-10-31T10:17:32.4260914+08:00,INFO,"12803_20251014_13_21.pdf","Found existing submission via filter API: 6365039000327767031"
2025-10-31T10:17:32.4276798+08:00,INFO,"12803_20251014_13_21.pdf","Will UPDATE existing submission 6365039000327767031"
2025-10-31T10:17:32.4287819+08:00,INFO,"12803_20251014_13_21.pdf","Checking for data overwrite conflicts..."
2025-10-31T10:17:33.4488059+08:00,INFO,"12803_20251014_13_21.pdf","No overwrite conflicts detected - proceeding with update"
2025-10-31T10:17:33.8139752+08:00,DEBUG,"12803_20251014_14_20.pdf","Filter API returned 4 submission(s), validating for exact sessionkey match..."
2025-10-31T10:17:33.8184945+08:00,INFO,"12803_20251014_14_20.pdf","Found existing submission via filter API: 6365026730327800392"
2025-10-31T10:17:33.8204777+08:00,INFO,"12803_20251014_14_20.pdf","Will UPDATE existing submission 6365026730327800392"
2025-10-31T10:17:33.8217028+08:00,INFO,"12803_20251014_14_20.pdf","Checking for data overwrite conflicts..."
2025-10-31T10:17:33.9431543+08:00,INFO,"12803_20251014_13_21.pdf","Preparing to update 163 fields"
2025-10-31T10:17:34.0903903+08:00,INFO,"12803_20251014_13_21.pdf","Split into 2 chunks: [1-82], [83-163]"
2025-10-31T10:17:34.8612073+08:00,INFO,"12803_20251014_14_20.pdf","No overwrite conflicts detected - proceeding with update"
2025-10-31T10:17:35.4020867+08:00,INFO,"12803_20251014_14_20.pdf","Preparing to update 22 fields"
2025-10-31T10:17:35.4235320+08:00,INFO,"12803_20251014_14_20.pdf","Split into 1 chunks: [1-22]"
2025-10-31T10:17:35.9773806+08:00,UPLOAD,"12803_20251014_13_21.pdf","Updated submission 6365039000327767031 (163 fields, 2 chunks)"
2025-10-31T10:17:35.9821922+08:00,INFO,"12803_20251014_13_21.pdf","Upload succeeded with chunk size 100 fields (attempt 1)"
2025-10-31T10:17:35.9861012+08:00,INFO,"12803_20251014_13_21.pdf","Jotform upload completed successfully: 6365039000327767031 (took 1 attempt(s))"
2025-10-31T10:17:36.0091626+08:00,FILED,"12803_20251014_13_21.pdf","12803_20251014_13_21.pdf → S088/"
2025-10-31T10:17:36.1079921+08:00,UPLOAD,"12803_20251014_14_20.pdf","Updated submission 6365026730327800392 (22 fields, 1 chunks)"
2025-10-31T10:17:36.1137574+08:00,INFO,"12803_20251014_14_20.pdf","Upload succeeded with chunk size 100 fields (attempt 1)"
2025-10-31T10:17:36.1187112+08:00,INFO,"12803_20251014_14_20.pdf","Jotform upload completed successfully: 6365026730327800392 (took 1 attempt(s))"
2025-10-31T10:17:36.1451656+08:00,FILED,"12803_20251014_14_20.pdf","12803_20251014_14_20.pdf → S088/"
2025-10-31T10:17:41.9791436+08:00,INFO,"12803_20251014_17_13.pdf","Read computer number from metadata: 999"
2025-10-31T10:17:42.0096161+08:00,INFO,"12803_20251014_17_13.pdf","Cleaned up metadata file from incoming folder"
2025-10-31T10:17:42.7247382+08:00,INFO,"12820_20251015_12_31.pdf","Read computer number from metadata: 999"
2025-10-31T10:17:42.7389882+08:00,INFO,"12820_20251015_12_31.pdf","Cleaned up metadata file from incoming folder"
2025-10-31T10:17:43.7613043+08:00,INFO,"12803_20251014_17_13.pdf","Using computer number from web upload: 999"
2025-10-31T10:17:43.7636796+08:00,INFO,"12803_20251014_17_13.pdf","Formatted school-id: 88 → S088"
2025-10-31T10:17:43.7690526+08:00,INFO,"12803_20251014_17_13.pdf","Added District: Shatin (from S088)"
2025-10-31T10:17:43.8997455+08:00,INFO,"12803_20251014_17_13.pdf","Searching for existing submission with sessionkey: 12803_20251014_17_13"
2025-10-31T10:17:43.9107682+08:00,DEBUG,"12803_20251014_17_13.pdf","Using :matches filter with pattern '12803' (extracted from sessionkey)"
2025-10-31T10:17:44.6694268+08:00,INFO,"12820_20251015_12_31.pdf","Using computer number from web upload: 999"
2025-10-31T10:17:44.6722830+08:00,INFO,"12820_20251015_12_31.pdf","Formatted school-id: 88 → S088"
2025-10-31T10:17:44.6785640+08:00,INFO,"12820_20251015_12_31.pdf","Added District: Shatin (from S088)"
2025-10-31T10:17:44.9103461+08:00,INFO,"12820_20251015_12_31.pdf","Searching for existing submission with sessionkey: 12820_20251015_12_31"
2025-10-31T10:17:44.9268768+08:00,DEBUG,"12820_20251015_12_31.pdf","Using :matches filter with pattern '12820' (extracted from sessionkey)"
2025-10-31T10:17:45.2024269+08:00,DEBUG,"12803_20251014_17_13.pdf","Filter API returned 4 submission(s), validating for exact sessionkey match..."
2025-10-31T10:17:45.2063638+08:00,INFO,"12803_20251014_17_13.pdf","Found existing submission via filter API: 6365027790328868460"
2025-10-31T10:17:45.2079544+08:00,INFO,"12803_20251014_17_13.pdf","Will UPDATE existing submission 6365027790328868460"
2025-10-31T10:17:45.2092545+08:00,INFO,"12803_20251014_17_13.pdf","Checking for data overwrite conflicts..."
2025-10-31T10:17:46.0826463+08:00,DEBUG,"12820_20251015_12_31.pdf","Filter API returned 1 submission(s), validating for exact sessionkey match..."
2025-10-31T10:17:46.0865900+08:00,INFO,"12820_20251015_12_31.pdf","Found existing submission via filter API: 6365030090327043073"
2025-10-31T10:17:46.0879782+08:00,INFO,"12820_20251015_12_31.pdf","Will UPDATE existing submission 6365030090327043073"
2025-10-31T10:17:46.0890522+08:00,INFO,"12820_20251015_12_31.pdf","Checking for data overwrite conflicts..."
2025-10-31T10:17:46.5032832+08:00,INFO,"12803_20251014_17_13.pdf","No overwrite conflicts detected - proceeding with update"
2025-10-31T10:17:47.0254111+08:00,INFO,"12803_20251014_17_13.pdf","Preparing to update 63 fields"
2025-10-31T10:17:47.0872527+08:00,INFO,"12803_20251014_17_13.pdf","Split into 1 chunks: [1-63]"
2025-10-31T10:17:47.1115148+08:00,INFO,"12820_20251015_12_31.pdf","No overwrite conflicts detected - proceeding with update"
2025-10-31T10:17:47.6432857+08:00,INFO,"12820_20251015_12_31.pdf","Preparing to update 48 fields"
2025-10-31T10:17:47.6648525+08:00,INFO,"12820_20251015_12_31.pdf","Split into 1 chunks: [1-48]"
2025-10-31T10:17:48.0046557+08:00,UPLOAD,"12803_20251014_17_13.pdf","Updated submission 6365027790328868460 (63 fields, 1 chunks)"
2025-10-31T10:17:48.0089983+08:00,INFO,"12803_20251014_17_13.pdf","Upload succeeded with chunk size 100 fields (attempt 1)"
2025-10-31T10:17:48.0131973+08:00,INFO,"12803_20251014_17_13.pdf","Jotform upload completed successfully: 6365027790328868460 (took 1 attempt(s))"
2025-10-31T10:17:48.0389662+08:00,FILED,"12803_20251014_17_13.pdf","12803_20251014_17_13.pdf → S088/"
2025-10-31T10:17:48.4391689+08:00,UPLOAD,"12820_20251015_12_31.pdf","Updated submission 6365030090327043073 (48 fields, 1 chunks)"
2025-10-31T10:17:48.4439096+08:00,INFO,"12820_20251015_12_31.pdf","Upload succeeded with chunk size 100 fields (attempt 1)"
2025-10-31T10:17:48.4483013+08:00,INFO,"12820_20251015_12_31.pdf","Jotform upload completed successfully: 6365030090327043073 (took 1 attempt(s))"
2025-10-31T10:17:48.4738042+08:00,FILED,"12820_20251015_12_31.pdf","12820_20251015_12_31.pdf → S088/"
2025-10-31T10:17:53.8700250+08:00,INFO,"12821_20251015_11_45.pdf","Read computer number from metadata: 999"
2025-10-31T10:17:53.8895418+08:00,INFO,"12821_20251015_11_45.pdf","Cleaned up metadata file from incoming folder"
2025-10-31T10:17:54.5017539+08:00,INFO,"12822_20251015_15_20.pdf","Read computer number from metadata: 999"
2025-10-31T10:17:54.5173822+08:00,INFO,"12822_20251015_15_20.pdf","Cleaned up metadata file from incoming folder"
2025-10-31T10:17:55.5858527+08:00,INFO,"12821_20251015_11_45.pdf","Using computer number from web upload: 999"
2025-10-31T10:17:55.5887980+08:00,INFO,"12821_20251015_11_45.pdf","Formatted school-id: 88 → S088"
2025-10-31T10:17:55.5951444+08:00,INFO,"12821_20251015_11_45.pdf","Added District: Shatin (from S088)"
2025-10-31T10:17:55.8211935+08:00,INFO,"12821_20251015_11_45.pdf","Searching for existing submission with sessionkey: 12821_20251015_11_45"
2025-10-31T10:17:55.8339275+08:00,DEBUG,"12821_20251015_11_45.pdf","Using :matches filter with pattern '12821' (extracted from sessionkey)"
2025-10-31T10:17:56.3793170+08:00,INFO,"12822_20251015_15_20.pdf","Using computer number from web upload: 999"
2025-10-31T10:17:56.3819200+08:00,INFO,"12822_20251015_15_20.pdf","Formatted school-id: 88 → S088"
2025-10-31T10:17:56.3890526+08:00,INFO,"12822_20251015_15_20.pdf","Added District: Shatin (from S088)"
2025-10-31T10:17:56.5558191+08:00,INFO,"12822_20251015_15_20.pdf","Searching for existing submission with sessionkey: 12822_20251015_15_20"
2025-10-31T10:17:56.5654055+08:00,DEBUG,"12822_20251015_15_20.pdf","Using :matches filter with pattern '12822' (extracted from sessionkey)"
2025-10-31T10:17:57.0500742+08:00,DEBUG,"12821_20251015_11_45.pdf","Filter API returned 1 submission(s), validating for exact sessionkey match..."
2025-10-31T10:17:57.0537814+08:00,INFO,"12821_20251015_11_45.pdf","Found existing submission via filter API: 6365030600325905817"
2025-10-31T10:17:57.0551576+08:00,INFO,"12821_20251015_11_45.pdf","Will UPDATE existing submission 6365030600325905817"
2025-10-31T10:17:57.0563088+08:00,INFO,"12821_20251015_11_45.pdf","Checking for data overwrite conflicts..."
2025-10-31T10:17:57.8369551+08:00,DEBUG,"12822_20251015_15_20.pdf","Filter API returned 1 submission(s), validating for exact sessionkey match..."
2025-10-31T10:17:57.8411632+08:00,INFO,"12822_20251015_15_20.pdf","Found existing submission via filter API: 6365030890321427597"
2025-10-31T10:17:57.8421847+08:00,INFO,"12822_20251015_15_20.pdf","Will UPDATE existing submission 6365030890321427597"
2025-10-31T10:17:57.8430264+08:00,INFO,"12822_20251015_15_20.pdf","Checking for data overwrite conflicts..."
2025-10-31T10:17:58.0505753+08:00,INFO,"12821_20251015_11_45.pdf","No overwrite conflicts detected - proceeding with update"
2025-10-31T10:17:58.5709661+08:00,INFO,"12821_20251015_11_45.pdf","Preparing to update 43 fields"
2025-10-31T10:17:58.5939637+08:00,INFO,"12821_20251015_11_45.pdf","Split into 1 chunks: [1-43]"
2025-10-31T10:17:58.8470267+08:00,INFO,"12822_20251015_15_20.pdf","No overwrite conflicts detected - proceeding with update"
2025-10-31T10:17:59.3749913+08:00,INFO,"12822_20251015_15_20.pdf","Preparing to update 40 fields"
2025-10-31T10:17:59.3940982+08:00,UPLOAD,"12821_20251015_11_45.pdf","Updated submission 6365030600325905817 (43 fields, 1 chunks)"
2025-10-31T10:17:59.3974792+08:00,INFO,"12821_20251015_11_45.pdf","Upload succeeded with chunk size 100 fields (attempt 1)"
2025-10-31T10:17:59.3982037+08:00,INFO,"12822_20251015_15_20.pdf","Split into 1 chunks: [1-40]"
2025-10-31T10:17:59.4013926+08:00,INFO,"12821_20251015_11_45.pdf","Jotform upload completed successfully: 6365030600325905817 (took 1 attempt(s))"
2025-10-31T10:17:59.4261677+08:00,FILED,"12821_20251015_11_45.pdf","12821_20251015_11_45.pdf → S088/"
2025-10-31T10:18:00.1846070+08:00,UPLOAD,"12822_20251015_15_20.pdf","Updated submission 6365030890321427597 (40 fields, 1 chunks)"
2025-10-31T10:18:00.1883463+08:00,INFO,"12822_20251015_15_20.pdf","Upload succeeded with chunk size 100 fields (attempt 1)"
2025-10-31T10:18:00.1925505+08:00,INFO,"12822_20251015_15_20.pdf","Jotform upload completed successfully: 6365030890321427597 (took 1 attempt(s))"
2025-10-31T10:18:00.2137080+08:00,FILED,"12822_20251015_15_20.pdf","12822_20251015_15_20.pdf → S088/"
2025-10-31T10:18:04.4338378+08:00,INFO,"12823_20251015_15_26.pdf","Read computer number from metadata: 999"
2025-10-31T10:18:04.4486839+08:00,INFO,"12823_20251015_15_26.pdf","Cleaned up metadata file from incoming folder"
2025-10-31T10:18:05.1311218+08:00,INFO,"12824_20251015_15_24.pdf","Read computer number from metadata: 999"
2025-10-31T10:18:05.1508828+08:00,INFO,"12824_20251015_15_24.pdf","Cleaned up metadata file from incoming folder"
2025-10-31T10:18:06.3958625+08:00,INFO,"12823_20251015_15_26.pdf","Using computer number from web upload: 999"
2025-10-31T10:18:06.3988618+08:00,INFO,"12823_20251015_15_26.pdf","Formatted school-id: 88 → S088"
2025-10-31T10:18:06.4049934+08:00,INFO,"12823_20251015_15_26.pdf","Added District: Shatin (from S088)"
2025-10-31T10:18:06.5772465+08:00,INFO,"12823_20251015_15_26.pdf","Searching for existing submission with sessionkey: 12823_20251015_15_26"
2025-10-31T10:18:06.5882875+08:00,DEBUG,"12823_20251015_15_26.pdf","Using :matches filter with pattern '12823' (extracted from sessionkey)"
2025-10-31T10:18:07.1217242+08:00,INFO,"12824_20251015_15_24.pdf","Using computer number from web upload: 999"
2025-10-31T10:18:07.1240890+08:00,INFO,"12824_20251015_15_24.pdf","Formatted school-id: 88 → S088"
2025-10-31T10:18:07.1297777+08:00,INFO,"12824_20251015_15_24.pdf","Added District: Shatin (from S088)"
2025-10-31T10:18:07.3019184+08:00,INFO,"12824_20251015_15_24.pdf","Searching for existing submission with sessionkey: 12824_20251015_15_24"
2025-10-31T10:18:07.3124074+08:00,DEBUG,"12824_20251015_15_24.pdf","Using :matches filter with pattern '12824' (extracted from sessionkey)"
2025-10-31T10:18:07.9420522+08:00,DEBUG,"12823_20251015_15_26.pdf","Filter API returned 1 submission(s), validating for exact sessionkey match..."
2025-10-31T10:18:07.9466575+08:00,INFO,"12823_20251015_15_26.pdf","Found existing submission via filter API: 6365031100326540788"
2025-10-31T10:18:07.9483510+08:00,INFO,"12823_20251015_15_26.pdf","Will UPDATE existing submission 6365031100326540788"
2025-10-31T10:18:07.9496759+08:00,INFO,"12823_20251015_15_26.pdf","Checking for data overwrite conflicts..."
2025-10-31T10:18:08.5789852+08:00,DEBUG,"12824_20251015_15_24.pdf","Filter API returned 1 submission(s), validating for exact sessionkey match..."
2025-10-31T10:18:08.5832914+08:00,INFO,"12824_20251015_15_24.pdf","Found existing submission via filter API: 6365031290324743666"
2025-10-31T10:18:08.5850934+08:00,INFO,"12824_20251015_15_24.pdf","Will UPDATE existing submission 6365031290324743666"
2025-10-31T10:18:08.5865777+08:00,INFO,"12824_20251015_15_24.pdf","Checking for data overwrite conflicts..."
2025-10-31T10:18:09.0483077+08:00,INFO,"12823_20251015_15_26.pdf","No overwrite conflicts detected - proceeding with update"
2025-10-31T10:18:09.5971313+08:00,INFO,"12823_20251015_15_26.pdf","Preparing to update 42 fields"
2025-10-31T10:18:09.6398836+08:00,INFO,"12823_20251015_15_26.pdf","Split into 1 chunks: [1-42]"
2025-10-31T10:18:09.6692717+08:00,INFO,"12824_20251015_15_24.pdf","No overwrite conflicts detected - proceeding with update"
2025-10-31T10:18:10.2248021+08:00,INFO,"12824_20251015_15_24.pdf","Preparing to update 40 fields"
2025-10-31T10:18:10.2537729+08:00,INFO,"12824_20251015_15_24.pdf","Split into 1 chunks: [1-40]"
2025-10-31T10:18:10.4039648+08:00,UPLOAD,"12823_20251015_15_26.pdf","Updated submission 6365031100326540788 (42 fields, 1 chunks)"
2025-10-31T10:18:10.4082270+08:00,INFO,"12823_20251015_15_26.pdf","Upload succeeded with chunk size 100 fields (attempt 1)"
2025-10-31T10:18:10.4126654+08:00,INFO,"12823_20251015_15_26.pdf","Jotform upload completed successfully: 6365031100326540788 (took 1 attempt(s))"
2025-10-31T10:18:10.4358194+08:00,FILED,"12823_20251015_15_26.pdf","12823_20251015_15_26.pdf → S088/"
2025-10-31T10:18:11.0095920+08:00,UPLOAD,"12824_20251015_15_24.pdf","Updated submission 6365031290324743666 (40 fields, 1 chunks)"
2025-10-31T10:18:11.0150349+08:00,INFO,"12824_20251015_15_24.pdf","Upload succeeded with chunk size 100 fields (attempt 1)"
2025-10-31T10:18:11.0196134+08:00,INFO,"12824_20251015_15_24.pdf","Jotform upload completed successfully: 6365031290324743666 (took 1 attempt(s))"
2025-10-31T10:18:11.0459617+08:00,FILED,"12824_20251015_15_24.pdf","12824_20251015_15_24.pdf → S088/"
2025-10-31T10:18:15.8688375+08:00,INFO,"12830_20251015_15_06.pdf","Read computer number from metadata: 999"
2025-10-31T10:18:15.8872536+08:00,INFO,"12830_20251015_15_06.pdf","Cleaned up metadata file from incoming folder"
2025-10-31T10:18:17.1560724+08:00,INFO,"12840_20251014_13_44.pdf","Read computer number from metadata: 999"
2025-10-31T10:18:17.1790163+08:00,INFO,"12840_20251014_13_44.pdf","Cleaned up metadata file from incoming folder"
2025-10-31T10:18:17.8232683+08:00,INFO,"12830_20251015_15_06.pdf","Using computer number from web upload: 999"
2025-10-31T10:18:17.8258472+08:00,INFO,"12830_20251015_15_06.pdf","Formatted school-id: 88 → S088"
2025-10-31T10:18:17.8318533+08:00,INFO,"12830_20251015_15_06.pdf","Added District: Shatin (from S088)"
2025-10-31T10:18:18.0360638+08:00,INFO,"12830_20251015_15_06.pdf","Searching for existing submission with sessionkey: 12830_20251015_15_06"
2025-10-31T10:18:18.0467171+08:00,DEBUG,"12830_20251015_15_06.pdf","Using :matches filter with pattern '12830' (extracted from sessionkey)"
2025-10-31T10:18:19.0957793+08:00,INFO,"12840_20251014_13_44.pdf","Using computer number from web upload: 999"
2025-10-31T10:18:19.0991951+08:00,INFO,"12840_20251014_13_44.pdf","Formatted school-id: 88 → S088"
2025-10-31T10:18:19.1049402+08:00,INFO,"12840_20251014_13_44.pdf","Added District: Shatin (from S088)"
2025-10-31T10:18:19.2748343+08:00,INFO,"12840_20251014_13_44.pdf","Searching for existing submission with sessionkey: 12840_20251014_13_44"
2025-10-31T10:18:19.2891297+08:00,DEBUG,"12840_20251014_13_44.pdf","Using :matches filter with pattern '12840' (extracted from sessionkey)"
2025-10-31T10:18:20.4428671+08:00,DEBUG,"12840_20251014_13_44.pdf","Filter API returned 2 submission(s), validating for exact sessionkey match..."
2025-10-31T10:18:20.4483332+08:00,INFO,"12840_20251014_13_44.pdf","Found existing submission via filter API: 6365031650326734565"
2025-10-31T10:18:20.4498626+08:00,INFO,"12840_20251014_13_44.pdf","Will UPDATE existing submission 6365031650326734565"
2025-10-31T10:18:20.4509642+08:00,INFO,"12840_20251014_13_44.pdf","Checking for data overwrite conflicts..."
2025-10-31T10:18:21.5111142+08:00,INFO,"12840_20251014_13_44.pdf","No overwrite conflicts detected - proceeding with update"
2025-10-31T10:18:22.1339277+08:00,INFO,"12840_20251014_13_44.pdf","Preparing to update 19 fields"
2025-10-31T10:18:22.1672065+08:00,INFO,"12840_20251014_13_44.pdf","Split into 1 chunks: [1-19]"
2025-10-31T10:18:22.8875706+08:00,UPLOAD,"12840_20251014_13_44.pdf","Updated submission 6365031650326734565 (19 fields, 1 chunks)"
2025-10-31T10:18:22.8926933+08:00,INFO,"12840_20251014_13_44.pdf","Upload succeeded with chunk size 100 fields (attempt 1)"
2025-10-31T10:18:22.8976524+08:00,INFO,"12840_20251014_13_44.pdf","Jotform upload completed successfully: 6365031650326734565 (took 1 attempt(s))"
2025-10-31T10:18:22.9256649+08:00,FILED,"12840_20251014_13_44.pdf","12840_20251014_13_44.pdf → S088/"
2025-10-31T10:18:28.6421709+08:00,INFO,"12840_20251014_17_09.pdf","Read computer number from metadata: 999"
2025-10-31T10:18:28.6649919+08:00,INFO,"12840_20251014_17_09.pdf","Cleaned up metadata file from incoming folder"
2025-10-31T10:18:30.4508957+08:00,INFO,"12840_20251014_17_09.pdf","Using computer number from web upload: 999"
2025-10-31T10:18:30.4534992+08:00,INFO,"12840_20251014_17_09.pdf","Formatted school-id: 88 → S088"
2025-10-31T10:18:30.4594329+08:00,INFO,"12840_20251014_17_09.pdf","Added District: Shatin (from S088)"
2025-10-31T10:18:30.6251673+08:00,INFO,"12840_20251014_17_09.pdf","Searching for existing submission with sessionkey: 12840_20251014_17_09"
2025-10-31T10:18:30.6379885+08:00,DEBUG,"12840_20251014_17_09.pdf","Using :matches filter with pattern '12840' (extracted from sessionkey)"
2025-10-31T10:18:31.8783430+08:00,DEBUG,"12840_20251014_17_09.pdf","Filter API returned 2 submission(s), validating for exact sessionkey match..."
2025-10-31T10:18:31.8828290+08:00,INFO,"12840_20251014_17_09.pdf","Found existing submission via filter API: 6365032060322195343"
2025-10-31T10:18:31.8844530+08:00,INFO,"12840_20251014_17_09.pdf","Will UPDATE existing submission 6365032060322195343"
2025-10-31T10:18:31.8856048+08:00,INFO,"12840_20251014_17_09.pdf","Checking for data overwrite conflicts..."
2025-10-31T10:18:33.0340197+08:00,INFO,"12840_20251014_17_09.pdf","No overwrite conflicts detected - proceeding with update"
2025-10-31T10:18:33.5557575+08:00,INFO,"12840_20251014_17_09.pdf","Preparing to update 22 fields"
2025-10-31T10:18:33.5798305+08:00,INFO,"12840_20251014_17_09.pdf","Split into 1 chunks: [1-22]"
2025-10-31T10:18:34.2685681+08:00,UPLOAD,"12840_20251014_17_09.pdf","Updated submission 6365032060322195343 (22 fields, 1 chunks)"
2025-10-31T10:18:34.2736268+08:00,INFO,"12840_20251014_17_09.pdf","Upload succeeded with chunk size 100 fields (attempt 1)"
2025-10-31T10:18:34.2775858+08:00,INFO,"12840_20251014_17_09.pdf","Jotform upload completed successfully: 6365032060322195343 (took 1 attempt(s))"
2025-10-31T10:18:34.3071490+08:00,FILED,"12840_20251014_17_09.pdf","12840_20251014_17_09.pdf → S088/"
2025-10-31T10:18:39.1126945+08:00,WARN,"12830_20251015_15_06.pdf","Jotform upload attempt 1 failed: The request was canceled due to the configured HttpClient.Timeout of 20 seconds elapsing. (status: )"
2025-10-31T10:18:39.1313290+08:00,INFO,"12830_20251015_15_06.pdf","Retrying in 9 seconds..."
2025-10-31T10:18:39.8669673+08:00,INFO,"12841_20251014_13_28.pdf","Read computer number from metadata: 999"
2025-10-31T10:18:39.8800770+08:00,INFO,"12841_20251014_13_28.pdf","Cleaned up metadata file from incoming folder"
2025-10-31T10:18:41.2870267+08:00,INFO,"12841_20251014_13_28.pdf","Using computer number from web upload: 999"
2025-10-31T10:18:41.2900215+08:00,INFO,"12841_20251014_13_28.pdf","Formatted school-id: 88 → S088"
2025-10-31T10:18:41.2967661+08:00,INFO,"12841_20251014_13_28.pdf","Added District: Shatin (from S088)"
2025-10-31T10:18:41.4875514+08:00,INFO,"12841_20251014_13_28.pdf","Searching for existing submission with sessionkey: 12841_20251014_13_28"
2025-10-31T10:18:41.4998824+08:00,DEBUG,"12841_20251014_13_28.pdf","Using :matches filter with pattern '12841' (extracted from sessionkey)"
2025-10-31T10:18:42.6139730+08:00,DEBUG,"12841_20251014_13_28.pdf","Filter API returned 1 submission(s), validating for exact sessionkey match..."
2025-10-31T10:18:42.6186186+08:00,INFO,"12841_20251014_13_28.pdf","Found existing submission via filter API: 6365032230325178104"
2025-10-31T10:18:42.6197989+08:00,INFO,"12841_20251014_13_28.pdf","Will UPDATE existing submission 6365032230325178104"
2025-10-31T10:18:42.6207141+08:00,INFO,"12841_20251014_13_28.pdf","Checking for data overwrite conflicts..."
2025-10-31T10:18:43.6044579+08:00,INFO,"12841_20251014_13_28.pdf","No overwrite conflicts detected - proceeding with update"
2025-10-31T10:18:44.1011324+08:00,INFO,"12841_20251014_13_28.pdf","Preparing to update 130 fields"
2025-10-31T10:18:44.1955796+08:00,INFO,"12841_20251014_13_28.pdf","Split into 2 chunks: [1-65], [66-130]"
2025-10-31T10:18:45.9110691+08:00,UPLOAD,"12841_20251014_13_28.pdf","Updated submission 6365032230325178104 (130 fields, 2 chunks)"
2025-10-31T10:18:45.9150391+08:00,INFO,"12841_20251014_13_28.pdf","Upload succeeded with chunk size 100 fields (attempt 1)"
2025-10-31T10:18:45.9183184+08:00,INFO,"12841_20251014_13_28.pdf","Jotform upload completed successfully: 6365032230325178104 (took 1 attempt(s))"
2025-10-31T10:18:45.9426259+08:00,FILED,"12841_20251014_13_28.pdf","12841_20251014_13_28.pdf → S088/"
2025-10-31T10:18:48.1476321+08:00,INFO,"12830_20251015_15_06.pdf","Searching for existing submission with sessionkey: 12830_20251015_15_06"
2025-10-31T10:18:48.1496759+08:00,DEBUG,"12830_20251015_15_06.pdf","Using :matches filter with pattern '12830' (extracted from sessionkey)"
2025-10-31T10:18:51.5614355+08:00,INFO,"12842_20251014_16_22.pdf","Read computer number from metadata: 999"
2025-10-31T10:18:51.5777131+08:00,INFO,"12842_20251014_16_22.pdf","Cleaned up metadata file from incoming folder"
2025-10-31T10:18:53.0343279+08:00,INFO,"12842_20251014_16_22.pdf","Using computer number from web upload: 999"
2025-10-31T10:18:53.0371698+08:00,INFO,"12842_20251014_16_22.pdf","Formatted school-id: 88 → S088"
2025-10-31T10:18:53.0431518+08:00,INFO,"12842_20251014_16_22.pdf","Added District: Shatin (from S088)"
2025-10-31T10:18:53.1705337+08:00,INFO,"12842_20251014_16_22.pdf","Searching for existing submission with sessionkey: 12842_20251014_16_22"
2025-10-31T10:18:53.1798947+08:00,DEBUG,"12842_20251014_16_22.pdf","Using :matches filter with pattern '12842' (extracted from sessionkey)"
2025-10-31T10:18:54.6675381+08:00,DEBUG,"12842_20251014_16_22.pdf","Filter API returned 3 submission(s), validating for exact sessionkey match..."
2025-10-31T10:18:54.6713122+08:00,INFO,"12842_20251014_16_22.pdf","Found existing submission via filter API: 6365032430322181422"
2025-10-31T10:18:54.6727522+08:00,INFO,"12842_20251014_16_22.pdf","Will UPDATE existing submission 6365032430322181422"
2025-10-31T10:18:54.6737274+08:00,INFO,"12842_20251014_16_22.pdf","Checking for data overwrite conflicts..."
2025-10-31T10:18:55.6330831+08:00,INFO,"12842_20251014_16_22.pdf","No overwrite conflicts detected - proceeding with update"
2025-10-31T10:18:56.1451922+08:00,INFO,"12842_20251014_16_22.pdf","Preparing to update 50 fields"
2025-10-31T10:18:56.1681753+08:00,INFO,"12842_20251014_16_22.pdf","Split into 1 chunks: [1-50]"
2025-10-31T10:18:56.9632995+08:00,UPLOAD,"12842_20251014_16_22.pdf","Updated submission 6365032430322181422 (50 fields, 1 chunks)"
2025-10-31T10:18:56.9719642+08:00,INFO,"12842_20251014_16_22.pdf","Upload succeeded with chunk size 100 fields (attempt 1)"
2025-10-31T10:18:56.9756264+08:00,INFO,"12842_20251014_16_22.pdf","Jotform upload completed successfully: 6365032430322181422 (took 1 attempt(s))"
2025-10-31T10:18:57.0010804+08:00,FILED,"12842_20251014_16_22.pdf","12842_20251014_16_22.pdf → S088/"
2025-10-31T10:19:01.8319872+08:00,INFO,"12842_20251014_16_43.pdf","Read computer number from metadata: 999"
2025-10-31T10:19:01.8563293+08:00,INFO,"12842_20251014_16_43.pdf","Cleaned up metadata file from incoming folder"
2025-10-31T10:19:03.3188417+08:00,INFO,"12842_20251014_16_43.pdf","Using computer number from web upload: 999"
2025-10-31T10:19:03.3205414+08:00,INFO,"12842_20251014_16_43.pdf","Formatted school-id: 88 → S088"
2025-10-31T10:19:03.3249379+08:00,INFO,"12842_20251014_16_43.pdf","Added District: Shatin (from S088)"
2025-10-31T10:19:03.4673213+08:00,INFO,"12842_20251014_16_43.pdf","Searching for existing submission with sessionkey: 12842_20251014_16_43"
2025-10-31T10:19:03.4772575+08:00,DEBUG,"12842_20251014_16_43.pdf","Using :matches filter with pattern '12842' (extracted from sessionkey)"
2025-10-31T10:19:04.6578513+08:00,DEBUG,"12842_20251014_16_43.pdf","Filter API returned 3 submission(s), validating for exact sessionkey match..."
2025-10-31T10:19:04.6619667+08:00,INFO,"12842_20251014_16_43.pdf","Found existing submission via filter API: 6365032660324974769"
2025-10-31T10:19:04.6632046+08:00,INFO,"12842_20251014_16_43.pdf","Will UPDATE existing submission 6365032660324974769"
2025-10-31T10:19:04.6641624+08:00,INFO,"12842_20251014_16_43.pdf","Checking for data overwrite conflicts..."
2025-10-31T10:19:05.6010214+08:00,INFO,"12842_20251014_16_43.pdf","No overwrite conflicts detected - proceeding with update"
2025-10-31T10:19:06.0941015+08:00,INFO,"12842_20251014_16_43.pdf","Preparing to update 37 fields"
2025-10-31T10:19:06.1194139+08:00,INFO,"12842_20251014_16_43.pdf","Split into 1 chunks: [1-37]"
2025-10-31T10:19:06.8842896+08:00,UPLOAD,"12842_20251014_16_43.pdf","Updated submission 6365032660324974769 (37 fields, 1 chunks)"
2025-10-31T10:19:06.8903383+08:00,INFO,"12842_20251014_16_43.pdf","Upload succeeded with chunk size 100 fields (attempt 1)"
2025-10-31T10:19:06.8977202+08:00,INFO,"12842_20251014_16_43.pdf","Jotform upload completed successfully: 6365032660324974769 (took 1 attempt(s))"
2025-10-31T10:19:06.9188579+08:00,FILED,"12842_20251014_16_43.pdf","12842_20251014_16_43.pdf → S088/"
2025-10-31T10:19:09.5722926+08:00,WARN,"12830_20251015_15_06.pdf","Jotform upload attempt 2 failed: The request was canceled due to the configured HttpClient.Timeout of 20 seconds elapsing. (status: )"
2025-10-31T10:19:09.5851264+08:00,INFO,"12830_20251015_15_06.pdf","Retrying in 35 seconds..."
2025-10-31T10:19:11.9958171+08:00,INFO,"12842_20251014_17_30.pdf","Read computer number from metadata: 999"
2025-10-31T10:19:12.0109569+08:00,INFO,"12842_20251014_17_30.pdf","Cleaned up metadata file from incoming folder"
2025-10-31T10:19:13.4778833+08:00,INFO,"12842_20251014_17_30.pdf","Using computer number from web upload: 999"
2025-10-31T10:19:13.4799561+08:00,INFO,"12842_20251014_17_30.pdf","Formatted school-id: 88 → S088"
2025-10-31T10:19:13.4850169+08:00,INFO,"12842_20251014_17_30.pdf","Added District: Shatin (from S088)"
2025-10-31T10:19:13.6473716+08:00,INFO,"12842_20251014_17_30.pdf","Searching for existing submission with sessionkey: 12842_20251014_17_30"
2025-10-31T10:19:13.6573596+08:00,DEBUG,"12842_20251014_17_30.pdf","Using :matches filter with pattern '12842' (extracted from sessionkey)"
2025-10-31T10:19:14.8997601+08:00,DEBUG,"12842_20251014_17_30.pdf","Filter API returned 3 submission(s), validating for exact sessionkey match..."
2025-10-31T10:19:14.9053268+08:00,INFO,"12842_20251014_17_30.pdf","Found existing submission via filter API: 6365032950329485672"
2025-10-31T10:19:14.9071405+08:00,INFO,"12842_20251014_17_30.pdf","Will UPDATE existing submission 6365032950329485672"
2025-10-31T10:19:14.9086478+08:00,INFO,"12842_20251014_17_30.pdf","Checking for data overwrite conflicts..."
2025-10-31T10:19:16.0759194+08:00,INFO,"12842_20251014_17_30.pdf","No overwrite conflicts detected - proceeding with update"
2025-10-31T10:19:16.6736560+08:00,INFO,"12842_20251014_17_30.pdf","Preparing to update 37 fields"
2025-10-31T10:19:16.7006244+08:00,INFO,"12842_20251014_17_30.pdf","Split into 1 chunks: [1-37]"
2025-10-31T10:19:17.4281393+08:00,UPLOAD,"12842_20251014_17_30.pdf","Updated submission 6365032950329485672 (37 fields, 1 chunks)"
2025-10-31T10:19:17.4330682+08:00,INFO,"12842_20251014_17_30.pdf","Upload succeeded with chunk size 100 fields (attempt 1)"
2025-10-31T10:19:17.4380470+08:00,INFO,"12842_20251014_17_30.pdf","Jotform upload completed successfully: 6365032950329485672 (took 1 attempt(s))"
2025-10-31T10:19:17.4686849+08:00,FILED,"12842_20251014_17_30.pdf","12842_20251014_17_30.pdf → S088/"
2025-10-31T10:19:23.4238544+08:00,INFO,"12843_20251014_16_34.pdf","Read computer number from metadata: 999"
2025-10-31T10:19:23.4427209+08:00,INFO,"12843_20251014_16_34.pdf","Cleaned up metadata file from incoming folder"
2025-10-31T10:19:25.5401243+08:00,INFO,"12843_20251014_16_34.pdf","Using computer number from web upload: 999"
2025-10-31T10:19:25.5424552+08:00,INFO,"12843_20251014_16_34.pdf","Formatted school-id: 88 → S088"
2025-10-31T10:19:25.5475758+08:00,INFO,"12843_20251014_16_34.pdf","Added District: Shatin (from S088)"
2025-10-31T10:19:25.6669103+08:00,INFO,"12843_20251014_16_34.pdf","Searching for existing submission with sessionkey: 12843_20251014_16_34"
2025-10-31T10:19:25.6804324+08:00,DEBUG,"12843_20251014_16_34.pdf","Using :matches filter with pattern '12843' (extracted from sessionkey)"
2025-10-31T10:19:27.0830755+08:00,DEBUG,"12843_20251014_16_34.pdf","Filter API returned 2 submission(s), validating for exact sessionkey match..."
2025-10-31T10:19:27.0878739+08:00,INFO,"12843_20251014_16_34.pdf","Found existing submission via filter API: 6365033330329382567"
2025-10-31T10:19:27.0898472+08:00,INFO,"12843_20251014_16_34.pdf","Will UPDATE existing submission 6365033330329382567"
2025-10-31T10:19:27.0909000+08:00,INFO,"12843_20251014_16_34.pdf","Checking for data overwrite conflicts..."
2025-10-31T10:19:28.1594029+08:00,INFO,"12843_20251014_16_34.pdf","No overwrite conflicts detected - proceeding with update"
2025-10-31T10:19:28.6960576+08:00,INFO,"12843_20251014_16_34.pdf","Preparing to update 63 fields"
2025-10-31T10:19:28.7650494+08:00,INFO,"12843_20251014_16_34.pdf","Split into 1 chunks: [1-63]"
2025-10-31T10:19:29.6546232+08:00,UPLOAD,"12843_20251014_16_34.pdf","Updated submission 6365033330329382567 (63 fields, 1 chunks)"
2025-10-31T10:19:29.6589239+08:00,INFO,"12843_20251014_16_34.pdf","Upload succeeded with chunk size 100 fields (attempt 1)"
2025-10-31T10:19:29.6630942+08:00,INFO,"12843_20251014_16_34.pdf","Jotform upload completed successfully: 6365033330329382567 (took 1 attempt(s))"
2025-10-31T10:19:29.6974120+08:00,FILED,"12843_20251014_16_34.pdf","12843_20251014_16_34.pdf → S088/"
2025-10-31T10:19:35.6576203+08:00,INFO,"12843_20251014_16_46.pdf","Read computer number from metadata: 999"
2025-10-31T10:19:35.6775827+08:00,INFO,"12843_20251014_16_46.pdf","Cleaned up metadata file from incoming folder"
2025-10-31T10:19:38.0713999+08:00,INFO,"12843_20251014_16_46.pdf","Using computer number from web upload: 999"
2025-10-31T10:19:38.0747633+08:00,INFO,"12843_20251014_16_46.pdf","Formatted school-id: 88 → S088"
2025-10-31T10:19:38.0816425+08:00,INFO,"12843_20251014_16_46.pdf","Added District: Shatin (from S088)"
2025-10-31T10:19:38.2856419+08:00,INFO,"12843_20251014_16_46.pdf","Searching for existing submission with sessionkey: 12843_20251014_16_46"
2025-10-31T10:19:38.2987260+08:00,DEBUG,"12843_20251014_16_46.pdf","Using :matches filter with pattern '12843' (extracted from sessionkey)"
2025-10-31T10:19:39.7102094+08:00,DEBUG,"12843_20251014_16_46.pdf","Filter API returned 2 submission(s), validating for exact sessionkey match..."
2025-10-31T10:19:39.7164489+08:00,INFO,"12843_20251014_16_46.pdf","Found existing submission via filter API: 6365033500323391729"
2025-10-31T10:19:39.7189461+08:00,INFO,"12843_20251014_16_46.pdf","Will UPDATE existing submission 6365033500323391729"
2025-10-31T10:19:39.7209239+08:00,INFO,"12843_20251014_16_46.pdf","Checking for data overwrite conflicts..."
2025-10-31T10:19:41.1822460+08:00,INFO,"12843_20251014_16_46.pdf","No overwrite conflicts detected - proceeding with update"
2025-10-31T10:19:42.0519011+08:00,INFO,"12843_20251014_16_46.pdf","Preparing to update 43 fields"
2025-10-31T10:19:42.0942832+08:00,INFO,"12843_20251014_16_46.pdf","Split into 1 chunks: [1-43]"
2025-10-31T10:19:42.9178596+08:00,UPLOAD,"12843_20251014_16_46.pdf","Updated submission 6365033500323391729 (43 fields, 1 chunks)"
2025-10-31T10:19:42.9224243+08:00,INFO,"12843_20251014_16_46.pdf","Upload succeeded with chunk size 100 fields (attempt 1)"
2025-10-31T10:19:42.9269005+08:00,INFO,"12843_20251014_16_46.pdf","Jotform upload completed successfully: 6365033500323391729 (took 1 attempt(s))"
2025-10-31T10:19:42.9511374+08:00,FILED,"12843_20251014_16_46.pdf","12843_20251014_16_46.pdf → S088/"
2025-10-31T10:19:44.5964892+08:00,INFO,"12830_20251015_15_06.pdf","Searching for existing submission with sessionkey: 12830_20251015_15_06"
2025-10-31T10:19:44.5978596+08:00,DEBUG,"12830_20251015_15_06.pdf","Using :matches filter with pattern '12830' (extracted from sessionkey)"
2025-10-31T10:19:48.0182689+08:00,INFO,"12844_20251014_17_06.pdf","Read computer number from metadata: 999"
2025-10-31T10:19:48.0312751+08:00,INFO,"12844_20251014_17_06.pdf","Cleaned up metadata file from incoming folder"
2025-10-31T10:19:49.4963813+08:00,INFO,"12844_20251014_17_06.pdf","Using computer number from web upload: 999"
2025-10-31T10:19:49.4984674+08:00,INFO,"12844_20251014_17_06.pdf","Formatted school-id: 88 → S088"
2025-10-31T10:19:49.5035361+08:00,INFO,"12844_20251014_17_06.pdf","Added District: Shatin (from S088)"
2025-10-31T10:19:49.6408919+08:00,INFO,"12844_20251014_17_06.pdf","Searching for existing submission with sessionkey: 12844_20251014_17_06"
2025-10-31T10:19:49.6513176+08:00,DEBUG,"12844_20251014_17_06.pdf","Using :matches filter with pattern '12844' (extracted from sessionkey)"
2025-10-31T10:19:50.7653188+08:00,DEBUG,"12844_20251014_17_06.pdf","Filter API returned 2 submission(s), validating for exact sessionkey match..."
2025-10-31T10:19:50.7693916+08:00,INFO,"12844_20251014_17_06.pdf","Found existing submission via filter API: 6365033780326548032"
2025-10-31T10:19:50.7708264+08:00,INFO,"12844_20251014_17_06.pdf","Will UPDATE existing submission 6365033780326548032"
2025-10-31T10:19:50.7718737+08:00,INFO,"12844_20251014_17_06.pdf","Checking for data overwrite conflicts..."
2025-10-31T10:19:51.8082153+08:00,INFO,"12844_20251014_17_06.pdf","No overwrite conflicts detected - proceeding with update"
2025-10-31T10:19:52.3492469+08:00,INFO,"12844_20251014_17_06.pdf","Preparing to update 29 fields"
2025-10-31T10:19:52.3738314+08:00,INFO,"12844_20251014_17_06.pdf","Split into 1 chunks: [1-29]"
2025-10-31T10:19:53.0813405+08:00,UPLOAD,"12844_20251014_17_06.pdf","Updated submission 6365033780326548032 (29 fields, 1 chunks)"
2025-10-31T10:19:53.0870259+08:00,INFO,"12844_20251014_17_06.pdf","Upload succeeded with chunk size 100 fields (attempt 1)"
2025-10-31T10:19:53.0914723+08:00,INFO,"12844_20251014_17_06.pdf","Jotform upload completed successfully: 6365033780326548032 (took 1 attempt(s))"
2025-10-31T10:19:53.1202982+08:00,FILED,"12844_20251014_17_06.pdf","12844_20251014_17_06.pdf → S088/"
2025-10-31T10:19:58.8140270+08:00,INFO,"12844_20251014_17_41.pdf","Read computer number from metadata: 999"
2025-10-31T10:19:58.8273780+08:00,INFO,"12844_20251014_17_41.pdf","Cleaned up metadata file from incoming folder"
2025-10-31T10:20:00.6608340+08:00,INFO,"12844_20251014_17_41.pdf","Using computer number from web upload: 999"
2025-10-31T10:20:00.6634281+08:00,INFO,"12844_20251014_17_41.pdf","Formatted school-id: 88 → S088"
2025-10-31T10:20:00.6698268+08:00,INFO,"12844_20251014_17_41.pdf","Added District: Shatin (from S088)"
2025-10-31T10:20:00.8099546+08:00,INFO,"12844_20251014_17_41.pdf","Searching for existing submission with sessionkey: 12844_20251014_17_41"
2025-10-31T10:20:00.8210785+08:00,DEBUG,"12844_20251014_17_41.pdf","Using :matches filter with pattern '12844' (extracted from sessionkey)"
2025-10-31T10:20:02.1386210+08:00,DEBUG,"12844_20251014_17_41.pdf","Filter API returned 2 submission(s), validating for exact sessionkey match..."
2025-10-31T10:20:02.1424141+08:00,INFO,"12844_20251014_17_41.pdf","Found existing submission via filter API: 6365033900326480326"
2025-10-31T10:20:02.1436984+08:00,INFO,"12844_20251014_17_41.pdf","Will UPDATE existing submission 6365033900326480326"
2025-10-31T10:20:02.1448662+08:00,INFO,"12844_20251014_17_41.pdf","Checking for data overwrite conflicts..."
2025-10-31T10:20:03.2281647+08:00,INFO,"12844_20251014_17_41.pdf","No overwrite conflicts detected - proceeding with update"
2025-10-31T10:20:03.7455011+08:00,INFO,"12844_20251014_17_41.pdf","Preparing to update 63 fields"
2025-10-31T10:20:03.8012840+08:00,INFO,"12844_20251014_17_41.pdf","Split into 1 chunks: [1-63]"
2025-10-31T10:20:04.6496469+08:00,UPLOAD,"12844_20251014_17_41.pdf","Updated submission 6365033900326480326 (63 fields, 1 chunks)"
2025-10-31T10:20:04.6544801+08:00,INFO,"12844_20251014_17_41.pdf","Upload succeeded with chunk size 100 fields (attempt 1)"
2025-10-31T10:20:04.6582306+08:00,INFO,"12844_20251014_17_41.pdf","Jotform upload completed successfully: 6365033900326480326 (took 1 attempt(s))"
2025-10-31T10:20:04.6830720+08:00,FILED,"12844_20251014_17_41.pdf","12844_20251014_17_41.pdf → S088/"
2025-10-31T10:20:05.4345665+08:00,WARN,"12830_20251015_15_06.pdf","Jotform upload attempt 3 failed: The request was canceled due to the configured HttpClient.Timeout of 20 seconds elapsing. (status: )"
2025-10-31T10:20:05.4373765+08:00,ERROR,"12830_20251015_15_06.pdf","Jotform upload permanently failed after 3 attempts: The request was canceled due to the configured HttpClient.Timeout of 20 seconds elapsing. (StatusCode: )"
2025-10-31T10:20:05.4419790+08:00,ERROR,"12830_20251015_15_06.pdf","Jotform upload PERMANENTLY FAILED after 3 attempts: The request was canceled due to the configured HttpClient.Timeout of 20 seconds elapsing. - will file to Unsorted"
2025-10-31T10:20:05.4473004+08:00,WARN,"12830_20251015_15_06.pdf","Upload failed, overriding filing destination to Unsorted (original: S088)"
2025-10-31T10:20:05.4639977+08:00,FILED,"12830_20251015_15_06.pdf","12830_20251015_15_06.pdf → Unsorted/"
2025-10-31T10:20:10.4128004+08:00,INFO,"12845_20251014_17_00.pdf","Read computer number from metadata: 999"
2025-10-31T10:20:10.4293448+08:00,INFO,"12845_20251014_17_00.pdf","Cleaned up metadata file from incoming folder"
2025-10-31T10:20:11.0590290+08:00,INFO,"12845_20251014_17_38.pdf","Read computer number from metadata: 999"
2025-10-31T10:20:11.0890811+08:00,INFO,"12845_20251014_17_38.pdf","Cleaned up metadata file from incoming folder"
2025-10-31T10:20:12.6094464+08:00,INFO,"12845_20251014_17_00.pdf","Using computer number from web upload: 999"
2025-10-31T10:20:12.6133740+08:00,INFO,"12845_20251014_17_00.pdf","Formatted school-id: 88 → S088"
2025-10-31T10:20:12.6200893+08:00,INFO,"12845_20251014_17_00.pdf","Added District: Shatin (from S088)"
2025-10-31T10:20:12.8492082+08:00,INFO,"12845_20251014_17_00.pdf","Searching for existing submission with sessionkey: 12845_20251014_17_00"
2025-10-31T10:20:12.8627923+08:00,DEBUG,"12845_20251014_17_00.pdf","Using :matches filter with pattern '12845' (extracted from sessionkey)"
2025-10-31T10:20:13.3909198+08:00,INFO,"12845_20251014_17_38.pdf","Using computer number from web upload: 999"
2025-10-31T10:20:13.3940807+08:00,INFO,"12845_20251014_17_38.pdf","Formatted school-id: 88 → S088"
2025-10-31T10:20:13.4019464+08:00,INFO,"12845_20251014_17_38.pdf","Added District: Shatin (from S088)"
2025-10-31T10:20:13.6071112+08:00,INFO,"12845_20251014_17_38.pdf","Searching for existing submission with sessionkey: 12845_20251014_17_38"
2025-10-31T10:20:13.6208330+08:00,DEBUG,"12845_20251014_17_38.pdf","Using :matches filter with pattern '12845' (extracted from sessionkey)"
2025-10-31T10:20:14.3552215+08:00,DEBUG,"12845_20251014_17_00.pdf","Filter API returned 2 submission(s), validating for exact sessionkey match..."
2025-10-31T10:20:14.3617231+08:00,INFO,"12845_20251014_17_00.pdf","Found existing submission via filter API: 6365034410325967952"
2025-10-31T10:20:14.3637042+08:00,INFO,"12845_20251014_17_00.pdf","Will UPDATE existing submission 6365034410325967952"
2025-10-31T10:20:14.3657383+08:00,INFO,"12845_20251014_17_00.pdf","Checking for data overwrite conflicts..."
2025-10-31T10:20:15.0017181+08:00,DEBUG,"12845_20251014_17_38.pdf","Filter API returned 2 submission(s), validating for exact sessionkey match..."
2025-10-31T10:20:15.0064220+08:00,INFO,"12845_20251014_17_38.pdf","Found existing submission via filter API: 6365034470329135257"
2025-10-31T10:20:15.0082407+08:00,INFO,"12845_20251014_17_38.pdf","Will UPDATE existing submission 6365034470329135257"
2025-10-31T10:20:15.0094430+08:00,INFO,"12845_20251014_17_38.pdf","Checking for data overwrite conflicts..."
2025-10-31T10:20:15.5286268+08:00,INFO,"12845_20251014_17_00.pdf","No overwrite conflicts detected - proceeding with update"
2025-10-31T10:20:16.1619016+08:00,INFO,"12845_20251014_17_00.pdf","Preparing to update 49 fields"
2025-10-31T10:20:16.1962879+08:00,INFO,"12845_20251014_17_00.pdf","Split into 1 chunks: [1-49]"
2025-10-31T10:20:16.2431102+08:00,INFO,"12845_20251014_17_38.pdf","No overwrite conflicts detected - proceeding with update"
2025-10-31T10:20:16.9390793+08:00,INFO,"12845_20251014_17_38.pdf","Preparing to update 21 fields"
2025-10-31T10:20:16.9619993+08:00,INFO,"12845_20251014_17_38.pdf","Split into 1 chunks: [1-21]"
2025-10-31T10:20:17.0788737+08:00,UPLOAD,"12845_20251014_17_00.pdf","Updated submission 6365034410325967952 (49 fields, 1 chunks)"
2025-10-31T10:20:17.0853492+08:00,INFO,"12845_20251014_17_00.pdf","Upload succeeded with chunk size 100 fields (attempt 1)"
2025-10-31T10:20:17.0897930+08:00,INFO,"12845_20251014_17_00.pdf","Jotform upload completed successfully: 6365034410325967952 (took 1 attempt(s))"
2025-10-31T10:20:17.1162214+08:00,FILED,"12845_20251014_17_00.pdf","12845_20251014_17_00.pdf → S088/"
2025-10-31T10:20:17.6587667+08:00,UPLOAD,"12845_20251014_17_38.pdf","Updated submission 6365034470329135257 (21 fields, 1 chunks)"
2025-10-31T10:20:17.6655961+08:00,INFO,"12845_20251014_17_38.pdf","Upload succeeded with chunk size 100 fields (attempt 1)"
2025-10-31T10:20:17.6701988+08:00,INFO,"12845_20251014_17_38.pdf","Jotform upload completed successfully: 6365034470329135257 (took 1 attempt(s))"
2025-10-31T10:20:17.6956788+08:00,FILED,"12845_20251014_17_38.pdf","12845_20251014_17_38.pdf → S088/"
2025-10-31T10:20:22.1891942+08:00,INFO,"12846_20251014_17_50.pdf","Read computer number from metadata: 999"
2025-10-31T10:20:22.2039805+08:00,INFO,"12846_20251014_17_50.pdf","Cleaned up metadata file from incoming folder"
2025-10-31T10:20:22.6535765+08:00,INFO,"12845_20251014_18_03.pdf","Read computer number from metadata: 999"
2025-10-31T10:20:22.6754618+08:00,INFO,"12845_20251014_18_03.pdf","Cleaned up metadata file from incoming folder"
2025-10-31T10:20:24.0155105+08:00,INFO,"12846_20251014_17_50.pdf","Using computer number from web upload: 999"
2025-10-31T10:20:24.0180200+08:00,INFO,"12846_20251014_17_50.pdf","Formatted school-id: 88 → S088"
2025-10-31T10:20:24.0246502+08:00,INFO,"12846_20251014_17_50.pdf","Added District: Shatin (from S088)"
2025-10-31T10:20:24.1881461+08:00,INFO,"12846_20251014_17_50.pdf","Searching for existing submission with sessionkey: 12846_20251014_17_50"
2025-10-31T10:20:24.2010767+08:00,DEBUG,"12846_20251014_17_50.pdf","Using :matches filter with pattern '12846' (extracted from sessionkey)"
2025-10-31T10:20:24.6527398+08:00,REJECT,"12845_20251014_18_03.pdf","Sessionkey mismatch: Core ID (filename: '12845' vs PDF: '12846')"
2025-10-31T10:20:24.6543456+08:00,REJECT,"12845_20251014_18_03.pdf","Details: Filename='12845_20251014_18_03' vs PDF='12846_20251014_18_03' (from student-id='12846' + timestamp='2025/10/14 18:03')"
2025-10-31T10:20:24.6650674+08:00,REJECT,"12845_20251014_18_03.pdf","sessionkey_filename_mismatch: Sessionkey mismatch: Core ID (filename: '12845' vs PDF: '12846')"
2025-10-31T10:20:25.3615046+08:00,DEBUG,"12846_20251014_17_50.pdf","Filter API returned 1 submission(s), validating for exact sessionkey match..."
2025-10-31T10:20:25.3677037+08:00,INFO,"12846_20251014_17_50.pdf","Found existing submission via filter API: 6365034880328327005"
2025-10-31T10:20:25.3699155+08:00,INFO,"12846_20251014_17_50.pdf","Will UPDATE existing submission 6365034880328327005"
2025-10-31T10:20:25.3711404+08:00,INFO,"12846_20251014_17_50.pdf","Checking for data overwrite conflicts..."
2025-10-31T10:20:26.9159275+08:00,INFO,"12846_20251014_17_50.pdf","No overwrite conflicts detected - proceeding with update"
2025-10-31T10:20:27.6704072+08:00,INFO,"12846_20251014_17_50.pdf","Preparing to update 75 fields"
2025-10-31T10:20:27.7620017+08:00,INFO,"12846_20251014_17_50.pdf","Split into 1 chunks: [1-75]"
2025-10-31T10:20:28.6989559+08:00,UPLOAD,"12846_20251014_17_50.pdf","Updated submission 6365034880328327005 (75 fields, 1 chunks)"
2025-10-31T10:20:28.7053183+08:00,INFO,"12846_20251014_17_50.pdf","Upload succeeded with chunk size 100 fields (attempt 1)"
2025-10-31T10:20:28.7092478+08:00,INFO,"12846_20251014_17_50.pdf","Jotform upload completed successfully: 6365034880328327005 (took 1 attempt(s))"
2025-10-31T10:20:28.7334419+08:00,FILED,"12846_20251014_17_50.pdf","12846_20251014_17_50.pdf → S088/"
2025-10-31T10:20:30.0460841+08:00,INFO,"12847_20251015_12_39.pdf","Read computer number from metadata: 999"
2025-10-31T10:20:30.0640552+08:00,INFO,"12847_20251015_12_39.pdf","Cleaned up metadata file from incoming folder"
2025-10-31T10:20:32.0095892+08:00,INFO,"12847_20251015_12_39.pdf","Using computer number from web upload: 999"
2025-10-31T10:20:32.0123959+08:00,INFO,"12847_20251015_12_39.pdf","Formatted school-id: 88 → S088"
2025-10-31T10:20:32.0193731+08:00,INFO,"12847_20251015_12_39.pdf","Added District: Shatin (from S088)"
2025-10-31T10:20:32.2608395+08:00,INFO,"12847_20251015_12_39.pdf","Searching for existing submission with sessionkey: 12847_20251015_12_39"
2025-10-31T10:20:32.2784700+08:00,DEBUG,"12847_20251015_12_39.pdf","Using :matches filter with pattern '12847' (extracted from sessionkey)"
2025-10-31T10:20:33.4568596+08:00,DEBUG,"12847_20251015_12_39.pdf","Filter API returned 1 submission(s), validating for exact sessionkey match..."
2025-10-31T10:20:33.4628417+08:00,INFO,"12847_20251015_12_39.pdf","Found existing submission via filter API: 6365034930323209123"
2025-10-31T10:20:33.4655677+08:00,INFO,"12847_20251015_12_39.pdf","Will UPDATE existing submission 6365034930323209123"
2025-10-31T10:20:33.4676176+08:00,INFO,"12847_20251015_12_39.pdf","Checking for data overwrite conflicts..."
2025-10-31T10:20:34.7408896+08:00,INFO,"12847_20251015_12_39.pdf","No overwrite conflicts detected - proceeding with update"
2025-10-31T10:20:35.4334923+08:00,INFO,"12848_20251015_12_36.pdf","Read computer number from metadata: 999"
2025-10-31T10:20:35.4598146+08:00,INFO,"12848_20251015_12_36.pdf","Cleaned up metadata file from incoming folder"
2025-10-31T10:20:35.5827744+08:00,INFO,"12847_20251015_12_39.pdf","Preparing to update 31 fields"
2025-10-31T10:20:35.6236962+08:00,INFO,"12847_20251015_12_39.pdf","Split into 1 chunks: [1-31]"
2025-10-31T10:20:36.3359713+08:00,UPLOAD,"12847_20251015_12_39.pdf","Updated submission 6365034930323209123 (31 fields, 1 chunks)"
2025-10-31T10:20:36.3427123+08:00,INFO,"12847_20251015_12_39.pdf","Upload succeeded with chunk size 100 fields (attempt 1)"
2025-10-31T10:20:36.3473167+08:00,INFO,"12847_20251015_12_39.pdf","Jotform upload completed successfully: 6365034930323209123 (took 1 attempt(s))"
2025-10-31T10:20:36.3768529+08:00,FILED,"12847_20251015_12_39.pdf","12847_20251015_12_39.pdf → S088/"
2025-10-31T10:20:37.4136249+08:00,INFO,"12848_20251015_12_36.pdf","Using computer number from web upload: 999"
2025-10-31T10:20:37.4162147+08:00,INFO,"12848_20251015_12_36.pdf","Formatted school-id: 88 → S088"
2025-10-31T10:20:37.4236897+08:00,INFO,"12848_20251015_12_36.pdf","Added District: Shatin (from S088)"
2025-10-31T10:20:37.6294243+08:00,INFO,"12848_20251015_12_36.pdf","Searching for existing submission with sessionkey: 12848_20251015_12_36"
2025-10-31T10:20:37.6402773+08:00,DEBUG,"12848_20251015_12_36.pdf","Using :matches filter with pattern '12848' (extracted from sessionkey)"
2025-10-31T10:20:38.9913856+08:00,DEBUG,"12848_20251015_12_36.pdf","Filter API returned 1 submission(s), validating for exact sessionkey match..."
2025-10-31T10:20:38.9943976+08:00,INFO,"12848_20251015_12_36.pdf","Found existing submission via filter API: 6365035400325322668"
2025-10-31T10:20:38.9960000+08:00,INFO,"12848_20251015_12_36.pdf","Will UPDATE existing submission 6365035400325322668"
2025-10-31T10:20:38.9969867+08:00,INFO,"12848_20251015_12_36.pdf","Checking for data overwrite conflicts..."
2025-10-31T10:20:40.0413191+08:00,INFO,"12848_20251015_12_36.pdf","No overwrite conflicts detected - proceeding with update"
2025-10-31T10:20:40.5883440+08:00,INFO,"12848_20251015_12_36.pdf","Preparing to update 49 fields"
2025-10-31T10:20:40.6196112+08:00,INFO,"12848_20251015_12_36.pdf","Split into 1 chunks: [1-49]"
2025-10-31T10:20:41.4165774+08:00,INFO,"12849_20251015_12_49.pdf","Read computer number from metadata: 999"
2025-10-31T10:20:41.4316990+08:00,INFO,"12849_20251015_12_49.pdf","Cleaned up metadata file from incoming folder"
2025-10-31T10:20:41.4452944+08:00,UPLOAD,"12848_20251015_12_36.pdf","Updated submission 6365035400325322668 (49 fields, 1 chunks)"
2025-10-31T10:20:41.4511283+08:00,INFO,"12848_20251015_12_36.pdf","Upload succeeded with chunk size 100 fields (attempt 1)"
2025-10-31T10:20:41.4557002+08:00,INFO,"12848_20251015_12_36.pdf","Jotform upload completed successfully: 6365035400325322668 (took 1 attempt(s))"
2025-10-31T10:20:41.4906010+08:00,FILED,"12848_20251015_12_36.pdf","12848_20251015_12_36.pdf → S088/"
2025-10-31T10:20:43.3179622+08:00,INFO,"12849_20251015_12_49.pdf","Using computer number from web upload: 999"
2025-10-31T10:20:43.3210745+08:00,INFO,"12849_20251015_12_49.pdf","Formatted school-id: 88 → S088"
2025-10-31T10:20:43.3267153+08:00,INFO,"12849_20251015_12_49.pdf","Added District: Shatin (from S088)"
2025-10-31T10:20:43.5331954+08:00,INFO,"12849_20251015_12_49.pdf","Searching for existing submission with sessionkey: 12849_20251015_12_49"
2025-10-31T10:20:43.5480001+08:00,DEBUG,"12849_20251015_12_49.pdf","Using :matches filter with pattern '12849' (extracted from sessionkey)"
2025-10-31T10:20:44.7796401+08:00,DEBUG,"12849_20251015_12_49.pdf","Filter API returned 1 submission(s), validating for exact sessionkey match..."
2025-10-31T10:20:44.7874136+08:00,INFO,"12849_20251015_12_49.pdf","Found existing submission via filter API: 6365035550329182708"
2025-10-31T10:20:44.7906180+08:00,INFO,"12849_20251015_12_49.pdf","Will UPDATE existing submission 6365035550329182708"
2025-10-31T10:20:44.7922980+08:00,INFO,"12849_20251015_12_49.pdf","Checking for data overwrite conflicts..."
2025-10-31T10:20:46.8256159+08:00,INFO,"12849_20251015_12_49.pdf","No overwrite conflicts detected - proceeding with update"
2025-10-31T10:20:47.8158196+08:00,INFO,"12849_20251015_12_49.pdf","Preparing to update 30 fields"
2025-10-31T10:20:47.8583493+08:00,INFO,"12849_20251015_12_49.pdf","Split into 1 chunks: [1-30]"
2025-10-31T10:20:48.6145408+08:00,UPLOAD,"12849_20251015_12_49.pdf","Updated submission 6365035550329182708 (30 fields, 1 chunks)"
2025-10-31T10:20:48.6231499+08:00,INFO,"12849_20251015_12_49.pdf","Upload succeeded with chunk size 100 fields (attempt 1)"
2025-10-31T10:20:48.6291363+08:00,INFO,"12849_20251015_12_49.pdf","Jotform upload completed successfully: 6365035550329182708 (took 1 attempt(s))"
2025-10-31T10:20:48.6618935+08:00,FILED,"12849_20251015_12_49.pdf","12849_20251015_12_49.pdf → S088/"
2025-10-31T10:20:49.7245184+08:00,INFO,"12850_20251015_13_01.pdf","Read computer number from metadata: 999"
2025-10-31T10:20:49.7648633+08:00,INFO,"12850_20251015_13_01.pdf","Cleaned up metadata file from incoming folder"
2025-10-31T10:20:51.8999748+08:00,INFO,"12850_20251015_13_01.pdf","Using computer number from web upload: 999"
2025-10-31T10:20:51.9026207+08:00,INFO,"12850_20251015_13_01.pdf","Formatted school-id: 88 → S088"
2025-10-31T10:20:51.9084423+08:00,INFO,"12850_20251015_13_01.pdf","Added District: Shatin (from S088)"
2025-10-31T10:20:52.0802925+08:00,INFO,"12850_20251015_13_01.pdf","Searching for existing submission with sessionkey: 12850_20251015_13_01"
2025-10-31T10:20:52.0929367+08:00,DEBUG,"12850_20251015_13_01.pdf","Using :matches filter with pattern '12850' (extracted from sessionkey)"
2025-10-31T10:20:53.3391607+08:00,DEBUG,"12850_20251015_13_01.pdf","Filter API returned 1 submission(s), validating for exact sessionkey match..."
2025-10-31T10:20:53.3428308+08:00,INFO,"12850_20251015_13_01.pdf","Found existing submission via filter API: 6365035950326172722"
2025-10-31T10:20:53.3440152+08:00,INFO,"12850_20251015_13_01.pdf","Will UPDATE existing submission 6365035950326172722"
2025-10-31T10:20:53.3449435+08:00,INFO,"12850_20251015_13_01.pdf","Checking for data overwrite conflicts..."
2025-10-31T10:20:54.4252315+08:00,INFO,"12850_20251015_13_01.pdf","No overwrite conflicts detected - proceeding with update"
2025-10-31T10:20:54.4463841+08:00,INFO,"12851_20251015_12_57.pdf","Read computer number from metadata: 999"
2025-10-31T10:20:54.4622022+08:00,INFO,"12851_20251015_12_57.pdf","Cleaned up metadata file from incoming folder"
2025-10-31T10:20:54.9995705+08:00,INFO,"12850_20251015_13_01.pdf","Preparing to update 46 fields"
2025-10-31T10:20:55.0309359+08:00,INFO,"12850_20251015_13_01.pdf","Split into 1 chunks: [1-46]"
2025-10-31T10:20:55.8180975+08:00,UPLOAD,"12850_20251015_13_01.pdf","Updated submission 6365035950326172722 (46 fields, 1 chunks)"
2025-10-31T10:20:55.8236362+08:00,INFO,"12850_20251015_13_01.pdf","Upload succeeded with chunk size 100 fields (attempt 1)"
2025-10-31T10:20:55.8262465+08:00,INFO,"12850_20251015_13_01.pdf","Jotform upload completed successfully: 6365035950326172722 (took 1 attempt(s))"
2025-10-31T10:20:55.8523022+08:00,FILED,"12850_20251015_13_01.pdf","12850_20251015_13_01.pdf → S088/"
2025-10-31T10:20:56.0949288+08:00,INFO,"12851_20251015_12_57.pdf","Using computer number from web upload: 999"
2025-10-31T10:20:56.0976133+08:00,INFO,"12851_20251015_12_57.pdf","Formatted school-id: 88 → S088"
2025-10-31T10:20:56.1041907+08:00,INFO,"12851_20251015_12_57.pdf","Added District: Shatin (from S088)"
2025-10-31T10:20:56.2641228+08:00,INFO,"12851_20251015_12_57.pdf","Searching for existing submission with sessionkey: 12851_20251015_12_57"
2025-10-31T10:20:56.2744831+08:00,DEBUG,"12851_20251015_12_57.pdf","Using :matches filter with pattern '12851' (extracted from sessionkey)"
2025-10-31T10:20:57.5062777+08:00,DEBUG,"12851_20251015_12_57.pdf","Filter API returned 2 submission(s), validating for exact sessionkey match..."
2025-10-31T10:20:57.5105527+08:00,INFO,"12851_20251015_12_57.pdf","Found existing submission via filter API: 6365035960327806730"
2025-10-31T10:20:57.5119552+08:00,INFO,"12851_20251015_12_57.pdf","Will UPDATE existing submission 6365035960327806730"
2025-10-31T10:20:57.5130043+08:00,INFO,"12851_20251015_12_57.pdf","Checking for data overwrite conflicts..."
2025-10-31T10:20:58.8509065+08:00,INFO,"12851_20251015_12_57.pdf","No overwrite conflicts detected - proceeding with update"
2025-10-31T10:20:59.4265798+08:00,INFO,"12851_20251015_12_57.pdf","Preparing to update 30 fields"
2025-10-31T10:20:59.4565186+08:00,INFO,"12851_20251015_12_57.pdf","Split into 1 chunks: [1-30]"
2025-10-31T10:21:00.1870228+08:00,UPLOAD,"12851_20251015_12_57.pdf","Updated submission 6365035960327806730 (30 fields, 1 chunks)"
2025-10-31T10:21:00.1930940+08:00,INFO,"12851_20251015_12_57.pdf","Upload succeeded with chunk size 100 fields (attempt 1)"
2025-10-31T10:21:00.1981578+08:00,INFO,"12851_20251015_12_57.pdf","Jotform upload completed successfully: 6365035960327806730 (took 1 attempt(s))"
2025-10-31T10:21:00.2310909+08:00,FILED,"12851_20251015_12_57.pdf","12851_20251015_12_57.pdf → S088/"
2025-10-31T10:21:02.4680533+08:00,INFO,"12851_20251015_14_39.pdf","Read computer number from metadata: 999"
2025-10-31T10:21:02.4950881+08:00,INFO,"12851_20251015_14_39.pdf","Cleaned up metadata file from incoming folder"
2025-10-31T10:21:05.4476005+08:00,INFO,"12851_20251015_14_39.pdf","Using computer number from web upload: 999"
2025-10-31T10:21:05.4502592+08:00,INFO,"12851_20251015_14_39.pdf","Formatted school-id: 88 → S088"
2025-10-31T10:21:05.4583321+08:00,INFO,"12851_20251015_14_39.pdf","Added District: Shatin (from S088)"
2025-10-31T10:21:05.6982668+08:00,INFO,"12851_20251015_14_39.pdf","Searching for existing submission with sessionkey: 12851_20251015_14_39"
2025-10-31T10:21:05.7145000+08:00,DEBUG,"12851_20251015_14_39.pdf","Using :matches filter with pattern '12851' (extracted from sessionkey)"
2025-10-31T10:21:06.9904498+08:00,DEBUG,"12851_20251015_14_39.pdf","Filter API returned 2 submission(s), validating for exact sessionkey match..."
2025-10-31T10:21:06.9963303+08:00,INFO,"12851_20251015_14_39.pdf","Found existing submission via filter API: 6365036320326897936"
2025-10-31T10:21:06.9985916+08:00,INFO,"12851_20251015_14_39.pdf","Will UPDATE existing submission 6365036320326897936"
2025-10-31T10:21:07.0002542+08:00,INFO,"12851_20251015_14_39.pdf","Checking for data overwrite conflicts..."
2025-10-31T10:21:08.4236584+08:00,INFO,"12851_20251015_14_39.pdf","No overwrite conflicts detected - proceeding with update"
2025-10-31T10:21:09.1599727+08:00,INFO,"12851_20251015_14_39.pdf","Preparing to update 21 fields"
2025-10-31T10:21:09.1968855+08:00,INFO,"12851_20251015_14_39.pdf","Split into 1 chunks: [1-21]"
2025-10-31T10:21:09.8588344+08:00,UPLOAD,"12851_20251015_14_39.pdf","Updated submission 6365036320326897936 (21 fields, 1 chunks)"
2025-10-31T10:21:09.8639200+08:00,INFO,"12851_20251015_14_39.pdf","Upload succeeded with chunk size 100 fields (attempt 1)"
2025-10-31T10:21:09.8681441+08:00,INFO,"12851_20251015_14_39.pdf","Jotform upload completed successfully: 6365036320326897936 (took 1 attempt(s))"
2025-10-31T10:21:09.8946378+08:00,FILED,"12851_20251015_14_39.pdf","12851_20251015_14_39.pdf → S088/"
2025-10-31T10:21:21.3740037+08:00,WARN,"12851_20251015_14_39.pdf","File not stable after 15s, skipping"
